inst_code,institute,program,ciwg,nonciwg,dasa_total,branch_cat,group,nirf_rank,nirf_score,city,state
401,"Assam University, Silchar",Agricultural Engineering,3,6,9,Bio & Life Sciences,Other-GFTI,999,,Silchar,Assam
401,"Assam University, Silchar",Computer Science and Engineering,3,6,9,Computing & IT,Other-GFTI,999,,Silchar,Assam
401,"Assam University, Silchar",Electronics and Communication Engineering,3,6,9,Electronics & Comm,Other-GFTI,999,,Silchar,Assam
301,Atal Bihari Vajpayee Indian Institute of Information Technology & Management Gwalior,Computer Science and Engineering,4,9,13,Computing & IT,IIIT,96,46.25,Gwalior,Madhya Pradesh
301,Atal Bihari Vajpayee Indian Institute of Information Technology & Management Gwalior,Electrical and Electronics Engineering,3,6,9,Electronics & Comm,IIIT,96,46.25,Gwalior,Madhya Pradesh
301,Atal Bihari Vajpayee Indian Institute of Information Technology & Management Gwalior,Integrated B. Tech.(IT) and M. Tech (IT),5,9,14,Computing & IT,IIIT,96,46.25,Gwalior,Madhya Pradesh
301,Atal Bihari Vajpayee Indian Institute of Information Technology & Management Gwalior,Integrated B. Tech.(IT) and MBA,3,6,9,Computing & IT,IIIT,96,46.25,Gwalior,Madhya Pradesh
301,Atal Bihari Vajpayee Indian Institute of Information Technology & Management Gwalior,Mathematics and Scientific Computing,3,6,9,Computing & IT,IIIT,96,46.25,Gwalior,Madhya Pradesh
453,"Charotar University of Science and Technology (CHARUSAT), Gujarat",Civil Engineering,3,6,9,Civil & Infra,Other-GFTI,999,,Anand,Gujarat
454,"Delhi Technological University, Delhi",Biotechnology,1,3,4,Bio & Life Sciences,Other-GFTI,30,60.85,New Delhi,Delhi
454,"Delhi Technological University, Delhi",Chemical Engineering,1,3,4,Chemical & Process,Other-GFTI,30,60.85,New Delhi,Delhi
454,"Delhi Technological University, Delhi",Civil Engineering,2,6,8,Civil & Infra,Other-GFTI,30,60.85,New Delhi,Delhi
454,"Delhi Technological University, Delhi",Computer Science and Engineering,8,16,24,Computing & IT,Other-GFTI,30,60.85,New Delhi,Delhi
454,"Delhi Technological University, Delhi",Electrical Engineering,5,10,15,Electrical & Power,Other-GFTI,30,60.85,New Delhi,Delhi
454,"Delhi Technological University, Delhi",Electronics and Communication Engineering,4,8,12,Electronics & Comm,Other-GFTI,30,60.85,New Delhi,Delhi
454,"Delhi Technological University, Delhi",Engineering Physics,2,4,6,Science & Mathematics,Other-GFTI,30,60.85,New Delhi,Delhi
454,"Delhi Technological University, Delhi",Environmental Engineering,1,3,4,Civil & Infra,Other-GFTI,30,60.85,New Delhi,Delhi
454,"Delhi Technological University, Delhi",Information Technology,3,6,9,Computing & IT,Other-GFTI,30,60.85,New Delhi,Delhi
454,"Delhi Technological University, Delhi",Mathematics and Computing,3,6,9,Computing & IT,Other-GFTI,30,60.85,New Delhi,Delhi
454,"Delhi Technological University, Delhi",Mechanical Engineering,5,10,15,Mechanical,Other-GFTI,30,60.85,New Delhi,Delhi
454,"Delhi Technological University, Delhi",Mechanical Engineering with Specilization in Automotive Engineering,1,3,4,Mechanical,Other-GFTI,30,60.85,New Delhi,Delhi
454,"Delhi Technological University, Delhi",Production and Industrial Engineering,1,3,4,Mechanical,Other-GFTI,30,60.85,New Delhi,Delhi
454,"Delhi Technological University, Delhi",Software Engineering,3,6,9,Computing & IT,Other-GFTI,30,60.85,New Delhi,Delhi
201,"Dr. B R Ambedkar National Institute of Technology, Jalandhar",Bio Technology,2,5,7,Bio & Life Sciences,NIT/IIEST,55,53.38,Jalandhar,Punjab
201,"Dr. B R Ambedkar National Institute of Technology, Jalandhar",Chemical Engineering,3,7,10,Chemical & Process,NIT/IIEST,55,53.38,Jalandhar,Punjab
201,"Dr. B R Ambedkar National Institute of Technology, Jalandhar",Civil Engineering,4,8,12,Civil & Infra,NIT/IIEST,55,53.38,Jalandhar,Punjab
201,"Dr. B R Ambedkar National Institute of Technology, Jalandhar",Computer Science and Engineering,8,16,24,Computing & IT,NIT/IIEST,55,53.38,Jalandhar,Punjab
201,"Dr. B R Ambedkar National Institute of Technology, Jalandhar",Data Science and Engineering,3,6,9,Computing & IT,NIT/IIEST,55,53.38,Jalandhar,Punjab
201,"Dr. B R Ambedkar National Institute of Technology, Jalandhar",Electrical Engineering,3,6,9,Electrical & Power,NIT/IIEST,55,53.38,Jalandhar,Punjab
201,"Dr. B R Ambedkar National Institute of Technology, Jalandhar",Electronics and Communication Engineering,5,8,13,Electronics & Comm,NIT/IIEST,55,53.38,Jalandhar,Punjab
201,"Dr. B R Ambedkar National Institute of Technology, Jalandhar",Electronics and VLSI Engineering,2,3,5,Electronics & Comm,NIT/IIEST,55,53.38,Jalandhar,Punjab
201,"Dr. B R Ambedkar National Institute of Technology, Jalandhar",Industrial and Production Engineering,3,7,10,Mechanical,NIT/IIEST,55,53.38,Jalandhar,Punjab
201,"Dr. B R Ambedkar National Institute of Technology, Jalandhar",Information Technology,6,12,18,Computing & IT,NIT/IIEST,55,53.38,Jalandhar,Punjab
201,"Dr. B R Ambedkar National Institute of Technology, Jalandhar",Instrumentation and Control Engineering,4,9,13,Electronics & Comm,NIT/IIEST,55,53.38,Jalandhar,Punjab
201,"Dr. B R Ambedkar National Institute of Technology, Jalandhar",Mathematics and Computing,3,5,8,Computing & IT,NIT/IIEST,55,53.38,Jalandhar,Punjab
201,"Dr. B R Ambedkar National Institute of Technology, Jalandhar",Mechanical Engineering,6,11,17,Mechanical,NIT/IIEST,55,53.38,Jalandhar,Punjab
201,"Dr. B R Ambedkar National Institute of Technology, Jalandhar",Textile Technology,3,7,10,Specialised Tech,NIT/IIEST,55,53.38,Jalandhar,Punjab
455,"Dr. Shanti Swarup Bhatnagar University Institute of Chemical Engineering and Technology, Chandigarh",Chemical Engineering,6,10,16,Chemical & Process,Other-GFTI,999,,Chandigarh,Punjab
455,"Dr. Shanti Swarup Bhatnagar University Institute of Chemical Engineering and Technology, Chandigarh",Food Technology,1,2,3,Chemical & Process,Other-GFTI,999,,Chandigarh,Punjab
456,"Gautam Buddha University, Greater Noida",Architecture,1,2,3,Architecture & Planning,Other-GFTI,999,,Greater Noida,Uttar Pradesh
456,"Gautam Buddha University, Greater Noida",Bachelor of Design with specialization in Interior Design,1,2,3,Architecture & Planning,Other-GFTI,999,,Greater Noida,Uttar Pradesh
456,"Gautam Buddha University, Greater Noida",Bachelor of Design with specialization on Textile Design,1,2,3,Architecture & Planning,Other-GFTI,999,,Greater Noida,Uttar Pradesh
456,"Gautam Buddha University, Greater Noida",Civil Engineering,2,3,5,Civil & Infra,Other-GFTI,999,,Greater Noida,Uttar Pradesh
456,"Gautam Buddha University, Greater Noida",Computer Science and Engineering,12,24,36,Computing & IT,Other-GFTI,999,,Greater Noida,Uttar Pradesh
456,"Gautam Buddha University, Greater Noida",Computer Science and Engineering (Artificial Intelligence),12,24,36,Computing & IT,Other-GFTI,999,,Greater Noida,Uttar Pradesh
456,"Gautam Buddha University, Greater Noida",Computer Science and Engineering with specialization in Cyber Security,3,6,9,Computing & IT,Other-GFTI,999,,Greater Noida,Uttar Pradesh
456,"Gautam Buddha University, Greater Noida",Computer science Engineering with specialization Data Science,3,6,9,Computing & IT,Other-GFTI,999,,Greater Noida,Uttar Pradesh
456,"Gautam Buddha University, Greater Noida",Dual Degree BBA+MBA,6,12,18,Management,Other-GFTI,999,,Greater Noida,Uttar Pradesh
456,"Gautam Buddha University, Greater Noida",Electrical Engineering,2,3,5,Electrical & Power,Other-GFTI,999,,Greater Noida,Uttar Pradesh
456,"Gautam Buddha University, Greater Noida",Electrical Engineering with Specialization Artificial Intelligence and Machine Learning,1,1,2,Computing & IT,Other-GFTI,999,,Greater Noida,Uttar Pradesh
456,"Gautam Buddha University, Greater Noida",Electrical Engineering with specialization Electrical Vehicles,1,1,2,Electrical & Power,Other-GFTI,999,,Greater Noida,Uttar Pradesh
456,"Gautam Buddha University, Greater Noida",Electrical and Computer Engineering,1,2,3,Computing & IT,Other-GFTI,999,,Greater Noida,Uttar Pradesh
456,"Gautam Buddha University, Greater Noida",Electrical and Electronics Engineering,1,2,3,Electronics & Comm,Other-GFTI,999,,Greater Noida,Uttar Pradesh
456,"Gautam Buddha University, Greater Noida",Electronics and Communication Engineering,3,6,9,Electronics & Comm,Other-GFTI,999,,Greater Noida,Uttar Pradesh
456,"Gautam Buddha University, Greater Noida",Electronics and Communication Engineering with specialization Artificial Intelligence and Machine Learning,2,3,5,Computing & IT,Other-GFTI,999,,Greater Noida,Uttar Pradesh
456,"Gautam Buddha University, Greater Noida",Electronics and Communication Engineering with specialization in VLSI and Embedded Systems,2,3,5,Electronics & Comm,Other-GFTI,999,,Greater Noida,Uttar Pradesh
456,"Gautam Buddha University, Greater Noida",Food Processing Technology,1,2,3,Chemical & Process,Other-GFTI,999,,Greater Noida,Uttar Pradesh
456,"Gautam Buddha University, Greater Noida",Information Technology,3,6,9,Computing & IT,Other-GFTI,999,,Greater Noida,Uttar Pradesh
456,"Gautam Buddha University, Greater Noida",Information Technology with specialization Data Science and Machine Learning,2,3,5,Computing & IT,Other-GFTI,999,,Greater Noida,Uttar Pradesh
456,"Gautam Buddha University, Greater Noida",Integrated B. Tech. - M. Tech in Computer Science & Engineering,3,6,9,Computing & IT,Other-GFTI,999,,Greater Noida,Uttar Pradesh
456,"Gautam Buddha University, Greater Noida",Integrated B. Tech. - M. Tech in Electrical Engineering,1,2,3,Electrical & Power,Other-GFTI,999,,Greater Noida,Uttar Pradesh
456,"Gautam Buddha University, Greater Noida",Integrated B.Plan+M.Plan,1,2,3,Architecture & Planning,Other-GFTI,999,,Greater Noida,Uttar Pradesh
456,"Gautam Buddha University, Greater Noida",Integrated B.Tech+M.Tech (Bio-Technology),3,6,9,Bio & Life Sciences,Other-GFTI,999,,Greater Noida,Uttar Pradesh
456,"Gautam Buddha University, Greater Noida",Integrated B.Tech+M.Tech (Electronics and Communication Engineering),2,3,5,Electronics & Comm,Other-GFTI,999,,Greater Noida,Uttar Pradesh
456,"Gautam Buddha University, Greater Noida",Mathematics and Computing,0,1,1,Computing & IT,Other-GFTI,999,,Greater Noida,Uttar Pradesh
456,"Gautam Buddha University, Greater Noida",Mechanical Engineering,2,3,5,Mechanical,Other-GFTI,999,,Greater Noida,Uttar Pradesh
456,"Gautam Buddha University, Greater Noida",Robotics and Artificial Intelligence,1,2,3,Computing & IT,Other-GFTI,999,,Greater Noida,Uttar Pradesh
452,Harcourt Butler Technical University Kanpur,Chemical Engineering,1,3,4,Chemical & Process,Other-GFTI,999,,Kanpur Nagar,Uttar Pradesh
452,Harcourt Butler Technical University Kanpur,Chemical Technology (Biochemical Engineering),1,3,4,Chemical & Process,Other-GFTI,999,,Kanpur Nagar,Uttar Pradesh
452,Harcourt Butler Technical University Kanpur,Chemical Technology (Food Technology),1,3,4,Chemical & Process,Other-GFTI,999,,Kanpur Nagar,Uttar Pradesh
452,Harcourt Butler Technical University Kanpur,Chemical Technology (Leather and Fashion Technology),0,1,1,Chemical & Process,Other-GFTI,999,,Kanpur Nagar,Uttar Pradesh
452,Harcourt Butler Technical University Kanpur,Chemical Technology (Oil Technology),1,3,4,Chemical & Process,Other-GFTI,999,,Kanpur Nagar,Uttar Pradesh
452,Harcourt Butler Technical University Kanpur,Chemical Technology (Paint Technology),1,3,4,Chemical & Process,Other-GFTI,999,,Kanpur Nagar,Uttar Pradesh
452,Harcourt Butler Technical University Kanpur,Chemical Technology (Plastic Technology),1,3,4,Chemical & Process,Other-GFTI,999,,Kanpur Nagar,Uttar Pradesh
452,Harcourt Butler Technical University Kanpur,Civil Engineering,1,3,4,Civil & Infra,Other-GFTI,999,,Kanpur Nagar,Uttar Pradesh
452,Harcourt Butler Technical University Kanpur,Computer Science and Engineering,1,3,4,Computing & IT,Other-GFTI,999,,Kanpur Nagar,Uttar Pradesh
452,Harcourt Butler Technical University Kanpur,Electrical Engineering,1,3,4,Electrical & Power,Other-GFTI,999,,Kanpur Nagar,Uttar Pradesh
452,Harcourt Butler Technical University Kanpur,Electronics Engineering,1,3,4,Electronics & Comm,Other-GFTI,999,,Kanpur Nagar,Uttar Pradesh
452,Harcourt Butler Technical University Kanpur,Information Technology,1,3,4,Computing & IT,Other-GFTI,999,,Kanpur Nagar,Uttar Pradesh
452,Harcourt Butler Technical University Kanpur,Mechanical Engineering,1,3,4,Mechanical,Other-GFTI,999,,Kanpur Nagar,Uttar Pradesh
232,"Indian Institute of Engineering Science and Technology, Shibpur",Aerospace Engineering,3,5,8,Aerospace,NIT/IIEST,54,53.63,Howrah,West Bengal
232,"Indian Institute of Engineering Science and Technology, Shibpur",Civil Engineering,7,15,22,Civil & Infra,NIT/IIEST,54,53.63,Howrah,West Bengal
232,"Indian Institute of Engineering Science and Technology, Shibpur",Computer Science and Engineering,5,11,16,Computing & IT,NIT/IIEST,54,53.63,Howrah,West Bengal
232,"Indian Institute of Engineering Science and Technology, Shibpur",Electrical Engineering,4,11,15,Electrical & Power,NIT/IIEST,54,53.63,Howrah,West Bengal
232,"Indian Institute of Engineering Science and Technology, Shibpur",Electronics and Telecommunication Engineering,4,7,11,Electronics & Comm,NIT/IIEST,54,53.63,Howrah,West Bengal
232,"Indian Institute of Engineering Science and Technology, Shibpur",Information Technology,5,10,15,Computing & IT,NIT/IIEST,54,53.63,Howrah,West Bengal
232,"Indian Institute of Engineering Science and Technology, Shibpur",Mechanical Engineering,5,10,15,Mechanical,NIT/IIEST,54,53.63,Howrah,West Bengal
232,"Indian Institute of Engineering Science and Technology, Shibpur",Metallurgical Engineering,0,5,5,Materials & Metallurgy,NIT/IIEST,54,53.63,Howrah,West Bengal
232,"Indian Institute of Engineering Science and Technology, Shibpur",Metallurgical and Materials Engineering,3,0,3,Materials & Metallurgy,NIT/IIEST,54,53.63,Howrah,West Bengal
232,"Indian Institute of Engineering Science and Technology, Shibpur",Mining Engineering,3,5,8,Mining,NIT/IIEST,54,53.63,Howrah,West Bengal
321,Indian Institute of Information Technology (IIIT) Pune,Computer Science and Engineering,15,29,44,Computing & IT,IIIT,,,Pune,Maharashtra
321,Indian Institute of Information Technology (IIIT) Pune,Electronics and Communication Engineering,6,11,17,Electronics & Comm,IIIT,,,Pune,Maharashtra
307,"Indian Institute of Information Technology (IIIT), Sri City, Chittoor",Artificial Intelligence and Data Science,4,2,6,Computing & IT,IIIT,,,Chittoor,Andhra Pradesh
307,"Indian Institute of Information Technology (IIIT), Sri City, Chittoor",Computer Science and Engineering,6,12,18,Computing & IT,IIIT,,,Chittoor,Andhra Pradesh
307,"Indian Institute of Information Technology (IIIT), Sri City, Chittoor",Electronics and Communication Engineering,4,2,6,Electronics & Comm,IIIT,,,Chittoor,Andhra Pradesh
302,"Indian Institute of Information Technology (IIIT)Kota, Rajasthan",Artificial Intelligence and Data Engineering,2,5,7,Computing & IT,IIIT,,,Kota,Rajasthan
302,"Indian Institute of Information Technology (IIIT)Kota, Rajasthan",Computer Science and Engineering,7,14,21,Computing & IT,IIIT,,,Kota,Rajasthan
302,"Indian Institute of Information Technology (IIIT)Kota, Rajasthan",Electronics and Communication Engineering,4,7,11,Electronics & Comm,IIIT,,,Kota,Rajasthan
323,Indian Institute of Information Technology Bhopal,Computer Science and Engineering,9,18,27,Computing & IT,IIIT,,,Bhopal,Madhya Pradesh
323,Indian Institute of Information Technology Bhopal,Computer Science and Engineering (Artificial Intelligence),3,6,9,Computing & IT,IIIT,,,Bhopal,Madhya Pradesh
323,Indian Institute of Information Technology Bhopal,Computer Science and Engineering (Cyber Physical System),3,6,9,Computing & IT,IIIT,,,Bhopal,Madhya Pradesh
323,Indian Institute of Information Technology Bhopal,Computer Science and Engineering (Cyber Security),3,6,9,Computing & IT,IIIT,,,Bhopal,Madhya Pradesh
323,Indian Institute of Information Technology Bhopal,Computer Science and Engineering (Data Science),3,6,9,Computing & IT,IIIT,,,Bhopal,Madhya Pradesh
323,Indian Institute of Information Technology Bhopal,Electronics and Communication Engineering,5,10,15,Electronics & Comm,IIIT,,,Bhopal,Madhya Pradesh
323,Indian Institute of Information Technology Bhopal,Information Technology,6,12,18,Computing & IT,IIIT,,,Bhopal,Madhya Pradesh
323,Indian Institute of Information Technology Bhopal,Mathematics and Computing,1,3,4,Computing & IT,IIIT,,,Bhopal,Madhya Pradesh
323,Indian Institute of Information Technology Bhopal,Physics and Computational Engineering,1,3,4,Science & Mathematics,IIIT,,,Bhopal,Madhya Pradesh
305,"Indian Institute of Information Technology(IIIT) Kilohrad, Sonepat, Haryana",CSE ( Data Science & Analytics),3,6,9,Computing & IT,IIIT,,,Sonepat,Haryana
305,"Indian Institute of Information Technology(IIIT) Kilohrad, Sonepat, Haryana",Computer Science and Engineering,3,6,9,Computing & IT,IIIT,,,Sonepat,Haryana
305,"Indian Institute of Information Technology(IIIT) Kilohrad, Sonepat, Haryana",Information Technology,3,6,9,Computing & IT,IIIT,,,Sonepat,Haryana
318,Indian Institute of Information Technology(IIIT) Kottayam,Computer Science and Engineering,14,26,40,Computing & IT,IIIT,,,Kottayam,Kerala
318,Indian Institute of Information Technology(IIIT) Kottayam,Computer Science and Engineering with specialization in Artificial Intelligence and Data Science,3,4,7,Computing & IT,IIIT,,,Kottayam,Kerala
318,Indian Institute of Information Technology(IIIT) Kottayam,Computer Science and Engineering with specialization in Cyber Security,3,4,7,Computing & IT,IIIT,,,Kottayam,Kerala
318,Indian Institute of Information Technology(IIIT) Kottayam,Electronics and Communication Engineering,3,4,7,Electronics & Comm,IIIT,,,Kottayam,Kerala
306,"Indian Institute of Information Technology(IIIT) Una, Himachal Pradesh",Computer Engineering,10,19,29,Computing & IT,IIIT,,,Una,Himachal Pradesh
306,"Indian Institute of Information Technology(IIIT) Una, Himachal Pradesh",Electronics and Communication Engineering,4,10,14,Electronics & Comm,IIIT,,,Una,Himachal Pradesh
308,"Indian Institute of Information Technology(IIIT), Vadodara, Gujrat",Artificial Intelligence,2,5,7,Computing & IT,IIIT,,,Vadodara,Gujarat
308,"Indian Institute of Information Technology(IIIT), Vadodara, Gujrat",Computer Science and Engineering,8,15,23,Computing & IT,IIIT,,,Vadodara,Gujarat
308,"Indian Institute of Information Technology(IIIT), Vadodara, Gujrat",Electronics and Communication Engineering,5,9,14,Electronics & Comm,IIIT,,,Vadodara,Gujarat
308,"Indian Institute of Information Technology(IIIT), Vadodara, Gujrat",Information Technology,2,4,6,Computing & IT,IIIT,,,Vadodara,Gujarat
309,"Indian Institute of Information Technology, Allahabad",Electronics and Communication Engineering,4,9,13,Electronics & Comm,IIIT,999,,Prayagraj,Uttar Pradesh
309,"Indian Institute of Information Technology, Allahabad",Information Technology,9,18,27,Computing & IT,IIIT,999,,Prayagraj,Uttar Pradesh
309,"Indian Institute of Information Technology, Allahabad",Information Technology- Business Informatics,2,4,6,Computing & IT,IIIT,999,,Prayagraj,Uttar Pradesh
310,"Indian Institute of Information Technology, Design & Manufacturing, Kancheepuram",B.Tech in Mechanical Engineering and M.Tech in AI and Robotics,0,2,2,Mechanical,IIIT,999,,Chennai,Tamil Nadu
310,"Indian Institute of Information Technology, Design & Manufacturing, Kancheepuram",B.Tech. in Electronics and Communication Engineering and M.Tech. in Communication Systems,1,1,2,Electronics & Comm,IIIT,999,,Chennai,Tamil Nadu
310,"Indian Institute of Information Technology, Design & Manufacturing, Kancheepuram",B.Tech. in Electronics and Communication Engineering and M.Tech. in Microelectronics and VLSI Systems,1,1,2,Electronics & Comm,IIIT,999,,Chennai,Tamil Nadu
310,"Indian Institute of Information Technology, Design & Manufacturing, Kancheepuram",Computer Science and Engineering,6,12,18,Computing & IT,IIIT,999,,Chennai,Tamil Nadu
310,"Indian Institute of Information Technology, Design & Manufacturing, Kancheepuram",Computer Science and Engineering with Major in Artificial Intelligence,2,4,6,Computing & IT,IIIT,999,,Chennai,Tamil Nadu
310,"Indian Institute of Information Technology, Design & Manufacturing, Kancheepuram",Design Engineering,1,1,2,Mechanical,IIIT,999,,Chennai,Tamil Nadu
310,"Indian Institute of Information Technology, Design & Manufacturing, Kancheepuram",Electronics and Communication Engineering,3,7,10,Electronics & Comm,IIIT,999,,Chennai,Tamil Nadu
310,"Indian Institute of Information Technology, Design & Manufacturing, Kancheepuram",Engineering Physics,0,2,2,Science & Mathematics,IIIT,999,,Chennai,Tamil Nadu
310,"Indian Institute of Information Technology, Design & Manufacturing, Kancheepuram",Mechanical Engineering,2,3,5,Mechanical,IIIT,999,,Chennai,Tamil Nadu
310,"Indian Institute of Information Technology, Design & Manufacturing, Kancheepuram",Smart Manufacturing,2,3,5,Mechanical,IIIT,999,,Chennai,Tamil Nadu
327,"Indian Institute of Information Technology, Vadodara International Campus Diu (IIITVICD)",Artificial Intelligence,2,2,4,Computing & IT,IIIT,,,Diu,Dadra & Nagar Haveli and Daman & Diu
327,"Indian Institute of Information Technology, Vadodara International Campus Diu (IIITVICD)",Computer Science and Engineering,3,5,8,Computing & IT,IIIT,,,Diu,Dadra & Nagar Haveli and Daman & Diu
327,"Indian Institute of Information Technology, Vadodara International Campus Diu (IIITVICD)",Electronics and Communication Engineering,1,3,4,Electronics & Comm,IIIT,,,Diu,Dadra & Nagar Haveli and Daman & Diu
457,Indian Maritime University - Chennai Campus,B. Sc in Nautical Science,4,8,12,Maritime,Other-GFTI,999,,Chennai,Tamil Nadu
457,Indian Maritime University - Chennai Campus,Marine Engineering,3,6,9,Maritime,Other-GFTI,999,,Chennai,Tamil Nadu
458,Indian Maritime University - Kochi Campus,B. Sc in Nautical Science,3,6,9,Maritime,Other-GFTI,999,,Kochi,Kerala
459,Indian Maritime University - Kolkata Campus,Marine Engineering,4,8,12,Maritime,Other-GFTI,999,,Kolkata,West Bengal
460,Indian Maritime University - Mumbai Port Campus,Marine Engineering,3,6,9,Maritime,Other-GFTI,999,,Mumbai,Maharashtra
461,Indian Maritime University - Navi Mumbai Campus,B. Sc in Nautical Science,3,6,9,Maritime,Other-GFTI,999,,Navi Mumbai,Maharashtra
462,Indian Maritime University - Visakhapatnam Campus,Naval Architecture and Ocean Engineering,2,3,5,Civil & Infra,Other-GFTI,999,,Visakhapatnam,Andhra Pradesh
462,Indian Maritime University - Visakhapatnam Campus,Naval Architecture and Ship Building,2,3,5,Architecture & Planning,Other-GFTI,999,,Visakhapatnam,Andhra Pradesh
463,"Indira Gandhi Delhi Technical University for Women, New Delhi",Artificial Intelligence and Machine Learning,2,4,6,Computing & IT,Other-GFTI,999,,Delhi,Delhi
463,"Indira Gandhi Delhi Technical University for Women, New Delhi",Computer Science and Artificial Intelligence,4,8,12,Computing & IT,Other-GFTI,999,,Delhi,Delhi
463,"Indira Gandhi Delhi Technical University for Women, New Delhi",Computer Science and Engineering,4,8,12,Computing & IT,Other-GFTI,999,,Delhi,Delhi
463,"Indira Gandhi Delhi Technical University for Women, New Delhi",Electronics and Communication Engineering,1,2,3,Electronics & Comm,Other-GFTI,999,,Delhi,Delhi
463,"Indira Gandhi Delhi Technical University for Women, New Delhi",Electronics and Communication Engineering – Artificial Intelligence,1,2,3,Computing & IT,Other-GFTI,999,,Delhi,Delhi
463,"Indira Gandhi Delhi Technical University for Women, New Delhi",Information Technology,2,4,6,Computing & IT,Other-GFTI,999,,Delhi,Delhi
463,"Indira Gandhi Delhi Technical University for Women, New Delhi",Mathematics and Computing,1,2,3,Computing & IT,Other-GFTI,999,,Delhi,Delhi
463,"Indira Gandhi Delhi Technical University for Women, New Delhi",Mechanical & Automation Engineering (MAE),1,2,3,Mechanical,Other-GFTI,999,,Delhi,Delhi
438,"Institute of Engineering and Technology, Dr. H. S. Gour University. Sagar (A Central University)",Aeronautical Engineering,3,6,9,Aerospace,Other-GFTI,999,,Sagar,Madhya Pradesh
438,"Institute of Engineering and Technology, Dr. H. S. Gour University. Sagar (A Central University)",Computer Science,3,0,3,Computing & IT,Other-GFTI,999,,Sagar,Madhya Pradesh
438,"Institute of Engineering and Technology, Dr. H. S. Gour University. Sagar (A Central University)",Computer Science and Engineering,0,6,6,Computing & IT,Other-GFTI,999,,Sagar,Madhya Pradesh
438,"Institute of Engineering and Technology, Dr. H. S. Gour University. Sagar (A Central University)",Dairy Engineering,3,6,9,Chemical & Process,Other-GFTI,999,,Sagar,Madhya Pradesh
438,"Institute of Engineering and Technology, Dr. H. S. Gour University. Sagar (A Central University)",Electronics and Communication Engineering,0,6,6,Electronics & Comm,Other-GFTI,999,,Sagar,Madhya Pradesh
438,"Institute of Engineering and Technology, Dr. H. S. Gour University. Sagar (A Central University)",Electronics and Communication Engineering with minor in Wearable Electronics,3,0,3,Electronics & Comm,Other-GFTI,999,,Sagar,Madhya Pradesh
438,"Institute of Engineering and Technology, Dr. H. S. Gour University. Sagar (A Central University)",Fashion and Apparel Engineering,3,6,9,Specialised Tech,Other-GFTI,999,,Sagar,Madhya Pradesh
438,"Institute of Engineering and Technology, Dr. H. S. Gour University. Sagar (A Central University)",Food Engineering and Technology,3,0,3,Chemical & Process,Other-GFTI,999,,Sagar,Madhya Pradesh
438,"Institute of Engineering and Technology, Dr. H. S. Gour University. Sagar (A Central University)",Food Technology,0,6,6,Chemical & Process,Other-GFTI,999,,Sagar,Madhya Pradesh
407,"J.K. Institute of Applied Physics & Technology, Department of Electronics & Communication, University of Allahabad- Allahabad",Computer Science and Engineering with Major in Artificial Intelligence,2,3,5,Computing & IT,Other-GFTI,999,,Allahabad,Uttar Pradesh
407,"J.K. Institute of Applied Physics & Technology, Department of Electronics & Communication, University of Allahabad- Allahabad",Electronics and Communication Engineering,3,5,8,Electronics & Comm,Other-GFTI,999,,Allahabad,Uttar Pradesh
423,"Jawaharlal Nehru University, Delhi",Computer Science and Engineering,3,6,9,Computing & IT,Other-GFTI,999,,New Delhi,Delhi
423,"Jawaharlal Nehru University, Delhi",Electronics and Communication Engineering,3,6,9,Electronics & Comm,Other-GFTI,999,,New Delhi,Delhi
465,"Madan Mohan Malaviya University of Technology, Gorakhpur",Chemical Engineering,1,1,2,Chemical & Process,Other-GFTI,60,52.45,Gorakhpur,Uttar Pradesh
465,"Madan Mohan Malaviya University of Technology, Gorakhpur",Civil Engineering,1,3,4,Civil & Infra,Other-GFTI,60,52.45,Gorakhpur,Uttar Pradesh
465,"Madan Mohan Malaviya University of Technology, Gorakhpur",Computer Science and Engineering,3,6,9,Computing & IT,Other-GFTI,60,52.45,Gorakhpur,Uttar Pradesh
465,"Madan Mohan Malaviya University of Technology, Gorakhpur",Electrical Engineering,1,3,4,Electrical & Power,Other-GFTI,60,52.45,Gorakhpur,Uttar Pradesh
465,"Madan Mohan Malaviya University of Technology, Gorakhpur",Electronics and Communication Engineering,2,5,7,Electronics & Comm,Other-GFTI,60,52.45,Gorakhpur,Uttar Pradesh
465,"Madan Mohan Malaviya University of Technology, Gorakhpur",Electronics and Communication Engineering (Internet of Things),1,1,2,Electronics & Comm,Other-GFTI,60,52.45,Gorakhpur,Uttar Pradesh
465,"Madan Mohan Malaviya University of Technology, Gorakhpur",Information Technology,1,3,4,Computing & IT,Other-GFTI,60,52.45,Gorakhpur,Uttar Pradesh
465,"Madan Mohan Malaviya University of Technology, Gorakhpur",Mechanical Engineering,1,3,4,Mechanical,Other-GFTI,60,52.45,Gorakhpur,Uttar Pradesh
202,Malaviya National Institute of Technology Jaipur,Architecture,0,3,3,Architecture & Planning,NIT/IIEST,42,57.45,Jaipur,Rajasthan
202,Malaviya National Institute of Technology Jaipur,Architecture and Planning,1,0,1,Architecture & Planning,NIT/IIEST,42,57.45,Jaipur,Rajasthan
202,Malaviya National Institute of Technology Jaipur,Artificial Intelligence and Data Engineering,4,8,12,Computing & IT,NIT/IIEST,42,57.45,Jaipur,Rajasthan
202,Malaviya National Institute of Technology Jaipur,Chemical Engineering,2,4,6,Chemical & Process,NIT/IIEST,42,57.45,Jaipur,Rajasthan
202,Malaviya National Institute of Technology Jaipur,Civil Engineering,2,5,7,Civil & Infra,NIT/IIEST,42,57.45,Jaipur,Rajasthan
202,Malaviya National Institute of Technology Jaipur,Computer Science and Engineering,12,23,35,Computing & IT,NIT/IIEST,42,57.45,Jaipur,Rajasthan
202,Malaviya National Institute of Technology Jaipur,Electrical Engineering,5,10,15,Electrical & Power,NIT/IIEST,42,57.45,Jaipur,Rajasthan
202,Malaviya National Institute of Technology Jaipur,Electronics and Communication Engineering,10,20,30,Electronics & Comm,NIT/IIEST,42,57.45,Jaipur,Rajasthan
202,Malaviya National Institute of Technology Jaipur,Mechanical Engineering,7,14,21,Mechanical,NIT/IIEST,42,57.45,Jaipur,Rajasthan
202,Malaviya National Institute of Technology Jaipur,Metallurgical and Materials Engineering,1,2,3,Materials & Metallurgy,NIT/IIEST,42,57.45,Jaipur,Rajasthan
466,"Manipal Institute of Technology, Manipal",Aeronautical Engineering,3,3,6,Aerospace,Other-GFTI,59,52.55,Manipal,Karnataka
466,"Manipal Institute of Technology, Manipal",Automobile Engineering,3,3,6,Mechanical,Other-GFTI,59,52.55,Manipal,Karnataka
466,"Manipal Institute of Technology, Manipal",Biomedical Engineering,3,3,6,Bio & Life Sciences,Other-GFTI,59,52.55,Manipal,Karnataka
466,"Manipal Institute of Technology, Manipal",Biotechnology,3,3,6,Bio & Life Sciences,Other-GFTI,59,52.55,Manipal,Karnataka
466,"Manipal Institute of Technology, Manipal",Chemical Engineering,3,3,6,Chemical & Process,Other-GFTI,59,52.55,Manipal,Karnataka
466,"Manipal Institute of Technology, Manipal",Civil Engineering,3,3,6,Civil & Infra,Other-GFTI,59,52.55,Manipal,Karnataka
466,"Manipal Institute of Technology, Manipal",Computer Science,0,15,15,Computing & IT,Other-GFTI,59,52.55,Manipal,Karnataka
466,"Manipal Institute of Technology, Manipal",Computer Science and Engineering,15,0,15,Computing & IT,Other-GFTI,59,52.55,Manipal,Karnataka
466,"Manipal Institute of Technology, Manipal",Computer Science and Financial Technology,3,3,6,Computing & IT,Other-GFTI,59,52.55,Manipal,Karnataka
466,"Manipal Institute of Technology, Manipal",Cyber Physical Systems,3,3,6,Computing & IT,Other-GFTI,59,52.55,Manipal,Karnataka
466,"Manipal Institute of Technology, Manipal",Electrical and Electronics Engineering,6,6,12,Electronics & Comm,Other-GFTI,59,52.55,Manipal,Karnataka
466,"Manipal Institute of Technology, Manipal",Electronics Engineering (VLSI Design and Technology),3,3,6,Electronics & Comm,Other-GFTI,59,52.55,Manipal,Karnataka
466,"Manipal Institute of Technology, Manipal",Electronics and Communication Engineering,6,6,12,Electronics & Comm,Other-GFTI,59,52.55,Manipal,Karnataka
466,"Manipal Institute of Technology, Manipal",Electronics and Instrumentation Engineering,3,3,6,Electronics & Comm,Other-GFTI,59,52.55,Manipal,Karnataka
466,"Manipal Institute of Technology, Manipal",Industrial Engineering,3,3,6,Mechanical,Other-GFTI,59,52.55,Manipal,Karnataka
466,"Manipal Institute of Technology, Manipal",Mathematics and Computing,3,3,6,Computing & IT,Other-GFTI,59,52.55,Manipal,Karnataka
466,"Manipal Institute of Technology, Manipal",Mechanical Engineering,6,6,12,Mechanical,Other-GFTI,59,52.55,Manipal,Karnataka
466,"Manipal Institute of Technology, Manipal",Mechatronics Engineering,3,3,6,Mechanical,Other-GFTI,59,52.55,Manipal,Karnataka
203,Maulana Azad National Institute of Technology Bhopal,Architecture,4,8,12,Architecture & Planning,NIT/IIEST,81,48.26,Bhopal,Madhya Pradesh
203,Maulana Azad National Institute of Technology Bhopal,B. Tech. and M. Tech. in Engineering and Computational Mechanics (Dual Degree),1,2,3,Mechanical,NIT/IIEST,81,48.26,Bhopal,Madhya Pradesh
203,Maulana Azad National Institute of Technology Bhopal,Chemical Engineering,3,6,9,Chemical & Process,NIT/IIEST,81,48.26,Bhopal,Madhya Pradesh
203,Maulana Azad National Institute of Technology Bhopal,Civil Engineering,4,8,12,Civil & Infra,NIT/IIEST,81,48.26,Bhopal,Madhya Pradesh
203,Maulana Azad National Institute of Technology Bhopal,Computer Science and Engineering,9,19,28,Computing & IT,NIT/IIEST,81,48.26,Bhopal,Madhya Pradesh
203,Maulana Azad National Institute of Technology Bhopal,Electrical Engineering,6,11,17,Electrical & Power,NIT/IIEST,81,48.26,Bhopal,Madhya Pradesh
203,Maulana Azad National Institute of Technology Bhopal,Electronics and Communication Engineering,7,14,21,Electronics & Comm,NIT/IIEST,81,48.26,Bhopal,Madhya Pradesh
203,Maulana Azad National Institute of Technology Bhopal,Energy and Electrical Vehicle Engineering,1,2,3,Electrical & Power,NIT/IIEST,81,48.26,Bhopal,Madhya Pradesh
203,Maulana Azad National Institute of Technology Bhopal,Materials and Metallurgical Engineering,3,6,9,Materials & Metallurgy,NIT/IIEST,81,48.26,Bhopal,Madhya Pradesh
203,Maulana Azad National Institute of Technology Bhopal,Mathematics and Data Science,1,2,3,Computing & IT,NIT/IIEST,81,48.26,Bhopal,Madhya Pradesh
203,Maulana Azad National Institute of Technology Bhopal,Mechanical Engineering,8,15,23,Mechanical,NIT/IIEST,81,48.26,Bhopal,Madhya Pradesh
203,Maulana Azad National Institute of Technology Bhopal,Planning,2,4,6,Architecture & Planning,NIT/IIEST,81,48.26,Bhopal,Madhya Pradesh
204,Motilal Nehru National Institute of Technology Allahabad,Biotechnology,2,4,6,Bio & Life Sciences,NIT/IIEST,62,52.15,Prayagraj,Uttar Pradesh
204,Motilal Nehru National Institute of Technology Allahabad,Chemical Engineering,2,4,6,Chemical & Process,NIT/IIEST,62,52.15,Prayagraj,Uttar Pradesh
204,Motilal Nehru National Institute of Technology Allahabad,Civil Engineering,2,4,6,Civil & Infra,NIT/IIEST,62,52.15,Prayagraj,Uttar Pradesh
204,Motilal Nehru National Institute of Technology Allahabad,Computer Science and Engineering,31,61,92,Computing & IT,NIT/IIEST,62,52.15,Prayagraj,Uttar Pradesh
204,Motilal Nehru National Institute of Technology Allahabad,Electrical Engineering,2,4,6,Electrical & Power,NIT/IIEST,62,52.15,Prayagraj,Uttar Pradesh
204,Motilal Nehru National Institute of Technology Allahabad,Electronics and Communication Engineering,9,17,26,Electronics & Comm,NIT/IIEST,62,52.15,Prayagraj,Uttar Pradesh
204,Motilal Nehru National Institute of Technology Allahabad,Engineering and Computational Mechanics,2,3,5,Mechanical,NIT/IIEST,62,52.15,Prayagraj,Uttar Pradesh
204,Motilal Nehru National Institute of Technology Allahabad,Materials Engineering,2,3,5,Materials & Metallurgy,NIT/IIEST,62,52.15,Prayagraj,Uttar Pradesh
204,Motilal Nehru National Institute of Technology Allahabad,Mechanical Engineering,5,10,15,Mechanical,NIT/IIEST,62,52.15,Prayagraj,Uttar Pradesh
204,Motilal Nehru National Institute of Technology Allahabad,Production and Industrial Engineering,1,2,3,Mechanical,NIT/IIEST,62,52.15,Prayagraj,Uttar Pradesh
409,"National Institute of Advanced Manufacturing Technology, Ranchi",Computer Engineering,3,5,8,Computing & IT,Other-GFTI,999,,Ranchi,Jharkhand
409,"National Institute of Advanced Manufacturing Technology, Ranchi",Mechanical Engineering,4,8,12,Mechanical,Other-GFTI,999,,Ranchi,Jharkhand
409,"National Institute of Advanced Manufacturing Technology, Ranchi",Metallurgy and Materials Engineering,4,8,12,Materials & Metallurgy,Other-GFTI,999,,Ranchi,Jharkhand
409,"National Institute of Advanced Manufacturing Technology, Ranchi",Production and Industrial Engineering,3,7,10,Mechanical,Other-GFTI,999,,Ranchi,Jharkhand
205,National Institute of Technology Agartala,Biotechnology and Biochemical Engineering,3,6,9,Chemical & Process,NIT/IIEST,999,,Agratala,Tripura
205,National Institute of Technology Agartala,Chemical Engineering,4,9,13,Chemical & Process,NIT/IIEST,999,,Agratala,Tripura
205,National Institute of Technology Agartala,Civil Engineering,6,12,18,Civil & Infra,NIT/IIEST,999,,Agratala,Tripura
205,National Institute of Technology Agartala,Computer Science and Engineering,9,18,27,Computing & IT,NIT/IIEST,999,,Agratala,Tripura
205,National Institute of Technology Agartala,Electrical Engineering,6,12,18,Electrical & Power,NIT/IIEST,999,,Agratala,Tripura
205,National Institute of Technology Agartala,Electronics and Communication Engineering,6,12,18,Electronics & Comm,NIT/IIEST,999,,Agratala,Tripura
205,National Institute of Technology Agartala,Electronics and Instrumentation Engineering,4,9,13,Electronics & Comm,NIT/IIEST,999,,Agratala,Tripura
205,National Institute of Technology Agartala,Mechanical Engineering,6,12,18,Mechanical,NIT/IIEST,999,,Agratala,Tripura
205,National Institute of Technology Agartala,Production Engineering,5,9,14,Mechanical,NIT/IIEST,999,,Agratala,Tripura
218,National Institute of Technology Arunachal Pradesh,Biosciences and Bioengineering,2,3,5,Bio & Life Sciences,NIT/IIEST,999,,Itanagar,Arunachal Pradesh
218,National Institute of Technology Arunachal Pradesh,Civil Engineering,2,4,6,Civil & Infra,NIT/IIEST,999,,Itanagar,Arunachal Pradesh
218,National Institute of Technology Arunachal Pradesh,Computer Science and Engineering,2,4,6,Computing & IT,NIT/IIEST,999,,Itanagar,Arunachal Pradesh
218,National Institute of Technology Arunachal Pradesh,Electrical Engineering,2,4,6,Electrical & Power,NIT/IIEST,999,,Itanagar,Arunachal Pradesh
218,National Institute of Technology Arunachal Pradesh,Electronics and Communication Engineering,2,4,6,Electronics & Comm,NIT/IIEST,999,,Itanagar,Arunachal Pradesh
218,National Institute of Technology Arunachal Pradesh,Mechanical Engineering,2,4,6,Mechanical,NIT/IIEST,999,,Itanagar,Arunachal Pradesh
206,National Institute of Technology Calicut,Architecture,2,5,7,Architecture & Planning,NIT/IIEST,21,63.05,Kozhikode,Kerala
206,National Institute of Technology Calicut,Biotechnology,2,4,6,Bio & Life Sciences,NIT/IIEST,21,63.05,Kozhikode,Kerala
206,National Institute of Technology Calicut,Chemical Engineering,6,11,17,Chemical & Process,NIT/IIEST,21,63.05,Kozhikode,Kerala
206,National Institute of Technology Calicut,Civil Engineering,9,17,26,Civil & Infra,NIT/IIEST,21,63.05,Kozhikode,Kerala
206,National Institute of Technology Calicut,Computer Science and Engineering,9,17,26,Computing & IT,NIT/IIEST,21,63.05,Kozhikode,Kerala
206,National Institute of Technology Calicut,Electrical and Electronics Engineering,9,17,26,Electronics & Comm,NIT/IIEST,21,63.05,Kozhikode,Kerala
206,National Institute of Technology Calicut,Electronics and Communication Engineering,9,0,9,Electronics & Comm,NIT/IIEST,21,63.05,Kozhikode,Kerala
206,National Institute of Technology Calicut,Electronics and Electrical Communication Engineering,0,17,17,Electronics & Comm,NIT/IIEST,21,63.05,Kozhikode,Kerala
206,National Institute of Technology Calicut,Energy Engineering,2,4,6,Electrical & Power,NIT/IIEST,21,63.05,Kozhikode,Kerala
206,National Institute of Technology Calicut,Engineering Physics,2,4,6,Science & Mathematics,NIT/IIEST,21,63.05,Kozhikode,Kerala
206,National Institute of Technology Calicut,Materials Science and Engineering,1,4,5,Materials & Metallurgy,NIT/IIEST,21,63.05,Kozhikode,Kerala
206,National Institute of Technology Calicut,Mechanical Engineering,8,17,25,Mechanical,NIT/IIEST,21,63.05,Kozhikode,Kerala
206,National Institute of Technology Calicut,Production Engineering,3,6,9,Mechanical,NIT/IIEST,21,63.05,Kozhikode,Kerala
207,National Institute of Technology Delhi,Aerospace Engineering,1,2,3,Aerospace,NIT/IIEST,65,50.79,Delhi,Delhi
207,National Institute of Technology Delhi,Artificial Intelligence and Data Science,1,2,3,Computing & IT,NIT/IIEST,65,50.79,Delhi,Delhi
207,National Institute of Technology Delhi,Civil Engineering,1,3,4,Civil & Infra,NIT/IIEST,65,50.79,Delhi,Delhi
207,National Institute of Technology Delhi,Computer Science and Engineering,6,12,18,Computing & IT,NIT/IIEST,65,50.79,Delhi,Delhi
207,National Institute of Technology Delhi,Electrical Engineering,3,6,9,Electrical & Power,NIT/IIEST,65,50.79,Delhi,Delhi
207,National Institute of Technology Delhi,Electronics and Communication Engineering,3,6,9,Electronics & Comm,NIT/IIEST,65,50.79,Delhi,Delhi
207,National Institute of Technology Delhi,Mechanical Engineering,2,4,6,Mechanical,NIT/IIEST,65,50.79,Delhi,Delhi
207,National Institute of Technology Delhi,VLSI Design and Technology,1,3,4,Electronics & Comm,NIT/IIEST,65,50.79,Delhi,Delhi
208,National Institute of Technology Durgapur,Biotechnology,1,3,4,Bio & Life Sciences,NIT/IIEST,49,55.94,Durgapur,West Bengal
208,National Institute of Technology Durgapur,Chemical Engineering,2,2,4,Chemical & Process,NIT/IIEST,49,55.94,Durgapur,West Bengal
208,National Institute of Technology Durgapur,Chemistry,0,1,1,Science & Mathematics,NIT/IIEST,49,55.94,Durgapur,West Bengal
208,National Institute of Technology Durgapur,Civil Engineering,2,2,4,Civil & Infra,NIT/IIEST,49,55.94,Durgapur,West Bengal
208,National Institute of Technology Durgapur,Computer Science and Engineering,2,5,7,Computing & IT,NIT/IIEST,49,55.94,Durgapur,West Bengal
208,National Institute of Technology Durgapur,Electrical Engineering,2,2,4,Electrical & Power,NIT/IIEST,49,55.94,Durgapur,West Bengal
208,National Institute of Technology Durgapur,Electronics and Communication Engineering,2,2,4,Electronics & Comm,NIT/IIEST,49,55.94,Durgapur,West Bengal
208,National Institute of Technology Durgapur,Mathematics and Computing,1,2,3,Computing & IT,NIT/IIEST,49,55.94,Durgapur,West Bengal
208,National Institute of Technology Durgapur,Mechanical Engineering,2,5,7,Mechanical,NIT/IIEST,49,55.94,Durgapur,West Bengal
208,National Institute of Technology Durgapur,Metallurgical and Materials Engineering,1,2,3,Materials & Metallurgy,NIT/IIEST,49,55.94,Durgapur,West Bengal
209,National Institute of Technology Goa,Civil Engineering,2,3,5,Civil & Infra,NIT/IIEST,999,,Cuncolim,Goa
209,National Institute of Technology Goa,Computer Science and Engineering,2,6,8,Computing & IT,NIT/IIEST,999,,Cuncolim,Goa
209,National Institute of Technology Goa,Electrical and Electronics Engineering,3,5,8,Electronics & Comm,NIT/IIEST,999,,Cuncolim,Goa
209,National Institute of Technology Goa,Electronics and Communication Engineering,3,5,8,Electronics & Comm,NIT/IIEST,999,,Cuncolim,Goa
209,National Institute of Technology Goa,Mechanical Engineering,1,4,5,Mechanical,NIT/IIEST,999,,Cuncolim,Goa
210,National Institute of Technology Hamirpur,Architecture,3,6,9,Architecture & Planning,NIT/IIEST,97,46.1,Hamirpur,Himachal Pradesh
210,National Institute of Technology Hamirpur,Chemical Engineering,4,7,11,Chemical & Process,NIT/IIEST,97,46.1,Hamirpur,Himachal Pradesh
210,National Institute of Technology Hamirpur,Civil Engineering,6,12,18,Civil & Infra,NIT/IIEST,97,46.1,Hamirpur,Himachal Pradesh
210,National Institute of Technology Hamirpur,Computer Science & Engineering,1,3,4,Computing & IT,NIT/IIEST,97,46.1,Hamirpur,Himachal Pradesh
210,National Institute of Technology Hamirpur,Computer Science and Engineering,6,13,19,Computing & IT,NIT/IIEST,97,46.1,Hamirpur,Himachal Pradesh
210,National Institute of Technology Hamirpur,Electrical Engineering,6,13,19,Electrical & Power,NIT/IIEST,97,46.1,Hamirpur,Himachal Pradesh
210,National Institute of Technology Hamirpur,Electronics and Communication Engineering,7,14,21,Electronics & Comm,NIT/IIEST,97,46.1,Hamirpur,Himachal Pradesh
210,National Institute of Technology Hamirpur,Engineering Physics,3,5,8,Science & Mathematics,NIT/IIEST,97,46.1,Hamirpur,Himachal Pradesh
210,National Institute of Technology Hamirpur,Materials Science and Engineering,2,4,6,Materials & Metallurgy,NIT/IIEST,97,46.1,Hamirpur,Himachal Pradesh
210,National Institute of Technology Hamirpur,Mathematics and Computing,3,5,8,Computing & IT,NIT/IIEST,97,46.1,Hamirpur,Himachal Pradesh
210,National Institute of Technology Hamirpur,Mechanical Engineering,6,13,19,Mechanical,NIT/IIEST,97,46.1,Hamirpur,Himachal Pradesh
211,"National Institute of Technology Karnataka, Surathkal",Artificial Intelligence,4,6,10,Computing & IT,NIT/IIEST,17,64.59,Surathkal,Karnataka
211,"National Institute of Technology Karnataka, Surathkal",Chemical Engineering,2,4,6,Chemical & Process,NIT/IIEST,17,64.59,Surathkal,Karnataka
211,"National Institute of Technology Karnataka, Surathkal",Civil Engineering (Rail Engineering),4,8,12,Civil & Infra,NIT/IIEST,17,64.59,Surathkal,Karnataka
211,"National Institute of Technology Karnataka, Surathkal",Computational and Data Science,3,5,8,Computing & IT,NIT/IIEST,17,64.59,Surathkal,Karnataka
211,"National Institute of Technology Karnataka, Surathkal",Computer Science and Engineering,8,16,24,Computing & IT,NIT/IIEST,17,64.59,Surathkal,Karnataka
211,"National Institute of Technology Karnataka, Surathkal",Electrical and Electronics Engineering,6,12,18,Electronics & Comm,NIT/IIEST,17,64.59,Surathkal,Karnataka
211,"National Institute of Technology Karnataka, Surathkal",Electronics and Communication Engineering,7,14,21,Electronics & Comm,NIT/IIEST,17,64.59,Surathkal,Karnataka
211,"National Institute of Technology Karnataka, Surathkal",Information Technology,5,10,15,Computing & IT,NIT/IIEST,17,64.59,Surathkal,Karnataka
211,"National Institute of Technology Karnataka, Surathkal",Mechanical Engineering,7,13,20,Mechanical,NIT/IIEST,17,64.59,Surathkal,Karnataka
211,"National Institute of Technology Karnataka, Surathkal",Metallurgical and Materials Engineering,2,3,5,Materials & Metallurgy,NIT/IIEST,17,64.59,Surathkal,Karnataka
211,"National Institute of Technology Karnataka, Surathkal",Mining Engineering,2,3,5,Mining,NIT/IIEST,17,64.59,Surathkal,Karnataka
212,National Institute of Technology Meghalaya,Civil Engineering,1,3,4,Civil & Infra,NIT/IIEST,83,48.21,Shillong,Meghalaya
212,National Institute of Technology Meghalaya,Computer Science and Engineering,2,3,5,Computing & IT,NIT/IIEST,83,48.21,Shillong,Meghalaya
212,National Institute of Technology Meghalaya,Electrical and Electronics Engineering,1,3,4,Electronics & Comm,NIT/IIEST,83,48.21,Shillong,Meghalaya
212,National Institute of Technology Meghalaya,Electronics and Communication Engineering,2,3,5,Electronics & Comm,NIT/IIEST,83,48.21,Shillong,Meghalaya
212,National Institute of Technology Meghalaya,Mechanical Engineering,2,3,5,Mechanical,NIT/IIEST,83,48.21,Shillong,Meghalaya
213,National Institute of Technology Nagaland,Civil Engineering,1,4,5,Civil & Infra,NIT/IIEST,999,,Dimapur,Nagaland
213,National Institute of Technology Nagaland,Computer Science and Engineering,2,3,5,Computing & IT,NIT/IIEST,999,,Dimapur,Nagaland
213,National Institute of Technology Nagaland,Electrical and Electronics Engineering,2,3,5,Electronics & Comm,NIT/IIEST,999,,Dimapur,Nagaland
213,National Institute of Technology Nagaland,Electronics and Communication Engineering,2,3,5,Electronics & Comm,NIT/IIEST,999,,Dimapur,Nagaland
213,National Institute of Technology Nagaland,Electronics and Instrumentation Engineering,2,3,5,Electronics & Comm,NIT/IIEST,999,,Dimapur,Nagaland
213,National Institute of Technology Nagaland,Mechanical Engineering,1,4,5,Mechanical,NIT/IIEST,999,,Dimapur,Nagaland
214,National Institute of Technology Patna,Architecture,2,4,6,Architecture & Planning,NIT/IIEST,53,53.89,Patna,Bihar
214,National Institute of Technology Patna,Artificial Intelligence and Data Science,4,8,12,Computing & IT,NIT/IIEST,53,53.89,Patna,Bihar
214,National Institute of Technology Patna,Chemical Technology,1,1,2,Chemical & Process,NIT/IIEST,53,53.89,Patna,Bihar
214,National Institute of Technology Patna,Civil Engineering,6,12,18,Civil & Infra,NIT/IIEST,53,53.89,Patna,Bihar
214,National Institute of Technology Patna,Civil Engineering with Specialization in Construction Technology and Management,1,1,2,Civil & Infra,NIT/IIEST,53,53.89,Patna,Bihar
214,National Institute of Technology Patna,Computer Science and Engineering,8,15,23,Computing & IT,NIT/IIEST,53,53.89,Patna,Bihar
214,National Institute of Technology Patna,Computer Science and Engineering with Specialization in Cyber Security,1,2,3,Computing & IT,NIT/IIEST,53,53.89,Patna,Bihar
214,National Institute of Technology Patna,Computer Science and Engineering with Specialization in Data Science,1,2,3,Computing & IT,NIT/IIEST,53,53.89,Patna,Bihar
214,National Institute of Technology Patna,Electrical Engineering,6,11,17,Electrical & Power,NIT/IIEST,53,53.89,Patna,Bihar
214,National Institute of Technology Patna,Electrical Engineering with Specialization In Power System Engineering,1,2,3,Electrical & Power,NIT/IIEST,53,53.89,Patna,Bihar
214,National Institute of Technology Patna,Electronics Engineering (VLSI Design and Technology),4,8,12,Electronics & Comm,NIT/IIEST,53,53.89,Patna,Bihar
214,National Institute of Technology Patna,Electronics and Communication Engineering,5,10,15,Electronics & Comm,NIT/IIEST,53,53.89,Patna,Bihar
214,National Institute of Technology Patna,Electronics and Communication Engineering with Specialization in Microelectronics and VLSI System Design,1,2,3,Electronics & Comm,NIT/IIEST,53,53.89,Patna,Bihar
214,National Institute of Technology Patna,Material Science and Engineering,1,1,2,Materials & Metallurgy,NIT/IIEST,53,53.89,Patna,Bihar
214,National Institute of Technology Patna,Mathematics and Computing Technology,1,1,2,Computing & IT,NIT/IIEST,53,53.89,Patna,Bihar
214,National Institute of Technology Patna,Mechanical Engineering,6,11,17,Mechanical,NIT/IIEST,53,53.89,Patna,Bihar
214,National Institute of Technology Patna,Mechanical Engineering with Specialization in Manufacturing and Industrial Engineering,1,2,3,Mechanical,NIT/IIEST,53,53.89,Patna,Bihar
214,National Institute of Technology Patna,Mechatronics and Automation Engineering,1,3,4,Mechanical,NIT/IIEST,53,53.89,Patna,Bihar
215,National Institute of Technology Puducherry,Civil Engineering,2,5,7,Civil & Infra,NIT/IIEST,99,45.83,Karaikal,Pondicherry
215,National Institute of Technology Puducherry,Computer Science and Engineering,3,6,9,Computing & IT,NIT/IIEST,99,45.83,Karaikal,Pondicherry
215,National Institute of Technology Puducherry,Electrical and Electronics Engineering,3,6,9,Electronics & Comm,NIT/IIEST,99,45.83,Karaikal,Pondicherry
215,National Institute of Technology Puducherry,Electronics and Communication Engineering,3,6,9,Electronics & Comm,NIT/IIEST,99,45.83,Karaikal,Pondicherry
215,National Institute of Technology Puducherry,Mechanical Engineering,3,4,7,Mechanical,NIT/IIEST,99,45.83,Karaikal,Pondicherry
216,National Institute of Technology Raipur,Architecture,1,2,3,Architecture & Planning,NIT/IIEST,86,47.59,Raipur,Chhattisgarh
216,National Institute of Technology Raipur,Bio Technology,1,2,3,Bio & Life Sciences,NIT/IIEST,86,47.59,Raipur,Chhattisgarh
216,National Institute of Technology Raipur,Biomedical Engineering,1,2,3,Bio & Life Sciences,NIT/IIEST,86,47.59,Raipur,Chhattisgarh
216,National Institute of Technology Raipur,Chemical Engineering,1,1,2,Chemical & Process,NIT/IIEST,86,47.59,Raipur,Chhattisgarh
216,National Institute of Technology Raipur,Civil Engineering,1,1,2,Civil & Infra,NIT/IIEST,86,47.59,Raipur,Chhattisgarh
216,National Institute of Technology Raipur,Computer Science and Engineering,1,1,2,Computing & IT,NIT/IIEST,86,47.59,Raipur,Chhattisgarh
216,National Institute of Technology Raipur,Electrical Engineering,0,2,2,Electrical & Power,NIT/IIEST,86,47.59,Raipur,Chhattisgarh
216,National Institute of Technology Raipur,Electronics and Communication Engineering,0,2,2,Electronics & Comm,NIT/IIEST,86,47.59,Raipur,Chhattisgarh
216,National Institute of Technology Raipur,Information Technology,1,2,3,Computing & IT,NIT/IIEST,86,47.59,Raipur,Chhattisgarh
216,National Institute of Technology Raipur,Mechanical Engineering,1,1,2,Mechanical,NIT/IIEST,86,47.59,Raipur,Chhattisgarh
216,National Institute of Technology Raipur,Metallurgical and Materials Engineering,0,2,2,Materials & Metallurgy,NIT/IIEST,86,47.59,Raipur,Chhattisgarh
216,National Institute of Technology Raipur,Mining Engineering,1,1,2,Mining,NIT/IIEST,86,47.59,Raipur,Chhattisgarh
217,National Institute of Technology Sikkim,Artificial Intelligence and Machine Learning,1,3,4,Computing & IT,NIT/IIEST,999,,South Sikkim,Sikkim
217,National Institute of Technology Sikkim,Civil Engineering,1,3,4,Civil & Infra,NIT/IIEST,999,,South Sikkim,Sikkim
217,National Institute of Technology Sikkim,Computer Science and Engineering,2,4,6,Computing & IT,NIT/IIEST,999,,South Sikkim,Sikkim
217,National Institute of Technology Sikkim,Electrical and Electronics Engineering,2,3,5,Electronics & Comm,NIT/IIEST,999,,South Sikkim,Sikkim
217,National Institute of Technology Sikkim,Electronics and Communication Engineering,1,3,4,Electronics & Comm,NIT/IIEST,999,,South Sikkim,Sikkim
217,National Institute of Technology Sikkim,Mechanical Engineering,2,3,5,Mechanical,NIT/IIEST,999,,South Sikkim,Sikkim
231,"National Institute of Technology, Andhra Pradesh",Civil Engineering,1,1,2,Civil & Infra,NIT/IIEST,999,,Tadepalligudem,Andhra Pradesh
231,"National Institute of Technology, Andhra Pradesh",Computer Science and Engineering,2,5,7,Computing & IT,NIT/IIEST,999,,Tadepalligudem,Andhra Pradesh
231,"National Institute of Technology, Andhra Pradesh",Electrical and Electronics Engineering,2,3,5,Electronics & Comm,NIT/IIEST,999,,Tadepalligudem,Andhra Pradesh
231,"National Institute of Technology, Andhra Pradesh",Electronics and Communication Engineering,2,5,7,Electronics & Comm,NIT/IIEST,999,,Tadepalligudem,Andhra Pradesh
231,"National Institute of Technology, Andhra Pradesh",Mechanical Engineering,1,2,3,Mechanical,NIT/IIEST,999,,Tadepalligudem,Andhra Pradesh
219,"National Institute of Technology, Jamshedpur",Civil Engineering,5,10,15,Civil & Infra,NIT/IIEST,82,48.25,Jamshedpur,Jharkhand
219,"National Institute of Technology, Jamshedpur",Computer Science and Engineering,6,11,17,Computing & IT,NIT/IIEST,82,48.25,Jamshedpur,Jharkhand
219,"National Institute of Technology, Jamshedpur",Electrical Engineering,5,12,17,Electrical & Power,NIT/IIEST,82,48.25,Jamshedpur,Jharkhand
219,"National Institute of Technology, Jamshedpur",Electronics and Communication Engineering,5,12,17,Electronics & Comm,NIT/IIEST,82,48.25,Jamshedpur,Jharkhand
219,"National Institute of Technology, Jamshedpur",Engineering and Computational Mechanics,2,3,5,Mechanical,NIT/IIEST,82,48.25,Jamshedpur,Jharkhand
219,"National Institute of Technology, Jamshedpur",Mechanical Engineering,6,11,17,Mechanical,NIT/IIEST,82,48.25,Jamshedpur,Jharkhand
219,"National Institute of Technology, Jamshedpur",Metallurgical and Materials Engineering,5,10,15,Materials & Metallurgy,NIT/IIEST,82,48.25,Jamshedpur,Jharkhand
219,"National Institute of Technology, Jamshedpur",Production and Industrial Engineering,3,6,9,Mechanical,NIT/IIEST,82,48.25,Jamshedpur,Jharkhand
220,"National Institute of Technology, Kurukshetra",Architecture,2,4,6,Architecture & Planning,NIT/IIEST,85,47.98,Kurukshetra,Haryana
220,"National Institute of Technology, Kurukshetra",Artificial Intelligence and Data Science,3,6,9,Computing & IT,NIT/IIEST,85,47.98,Kurukshetra,Haryana
220,"National Institute of Technology, Kurukshetra",Artificial Intelligence and Machine Learning,3,6,9,Computing & IT,NIT/IIEST,85,47.98,Kurukshetra,Haryana
220,"National Institute of Technology, Kurukshetra",Civil Engineering,6,12,18,Civil & Infra,NIT/IIEST,85,47.98,Kurukshetra,Haryana
220,"National Institute of Technology, Kurukshetra",Computer Science and Engineering,6,12,18,Computing & IT,NIT/IIEST,85,47.98,Kurukshetra,Haryana
220,"National Institute of Technology, Kurukshetra",Electrical Engineering,6,12,18,Electrical & Power,NIT/IIEST,85,47.98,Kurukshetra,Haryana
220,"National Institute of Technology, Kurukshetra",Electronics and Communication Engineering,6,12,18,Electronics & Comm,NIT/IIEST,85,47.98,Kurukshetra,Haryana
220,"National Institute of Technology, Kurukshetra",Industrial Internet of Things,3,6,9,Mechanical,NIT/IIEST,85,47.98,Kurukshetra,Haryana
220,"National Institute of Technology, Kurukshetra",Information Technology,3,6,9,Computing & IT,NIT/IIEST,85,47.98,Kurukshetra,Haryana
220,"National Institute of Technology, Kurukshetra",Mathematics and Computing,3,6,9,Computing & IT,NIT/IIEST,85,47.98,Kurukshetra,Haryana
220,"National Institute of Technology, Kurukshetra",Mechanical Engineering,6,12,18,Mechanical,NIT/IIEST,85,47.98,Kurukshetra,Haryana
220,"National Institute of Technology, Kurukshetra",Microelectronics & VLSI Engineering,3,6,9,Electronics & Comm,NIT/IIEST,85,47.98,Kurukshetra,Haryana
220,"National Institute of Technology, Kurukshetra",Production and Industrial Engineering,2,4,6,Mechanical,NIT/IIEST,85,47.98,Kurukshetra,Haryana
220,"National Institute of Technology, Kurukshetra",Robotics & Automation,2,5,7,Mechanical,NIT/IIEST,85,47.98,Kurukshetra,Haryana
220,"National Institute of Technology, Kurukshetra",Sustainable Energy Technologies,3,6,9,Electrical & Power,NIT/IIEST,85,47.98,Kurukshetra,Haryana
222,"National Institute of Technology, Mizoram",Chemical Science and Technology,0,1,1,Chemical & Process,NIT/IIEST,999,,Aizawl,Mizoram
222,"National Institute of Technology, Mizoram",Civil Engineering,1,3,4,Civil & Infra,NIT/IIEST,999,,Aizawl,Mizoram
222,"National Institute of Technology, Mizoram",Computer Science and Engineering,1,4,5,Computing & IT,NIT/IIEST,999,,Aizawl,Mizoram
222,"National Institute of Technology, Mizoram",Electrical Engineering,1,3,4,Electrical & Power,NIT/IIEST,999,,Aizawl,Mizoram
222,"National Institute of Technology, Mizoram",Electronics and Communication Engineering,2,3,5,Electronics & Comm,NIT/IIEST,999,,Aizawl,Mizoram
222,"National Institute of Technology, Mizoram",Mathematics and Computing,1,1,2,Computing & IT,NIT/IIEST,999,,Aizawl,Mizoram
222,"National Institute of Technology, Mizoram",Mechanical Engineering,2,3,5,Mechanical,NIT/IIEST,999,,Aizawl,Mizoram
223,"National Institute of Technology, Rourkela",Artificial Intelligence,2,5,7,Computing & IT,NIT/IIEST,13,66.62,Rourkela,Odisha
223,"National Institute of Technology, Rourkela",Bio Medical Engineering,2,3,5,Bio & Life Sciences,NIT/IIEST,13,66.62,Rourkela,Odisha
223,"National Institute of Technology, Rourkela",Bio Technology,2,3,5,Bio & Life Sciences,NIT/IIEST,13,66.62,Rourkela,Odisha
223,"National Institute of Technology, Rourkela",Ceramic Engineering,3,5,8,Materials & Metallurgy,NIT/IIEST,13,66.62,Rourkela,Odisha
223,"National Institute of Technology, Rourkela",Chemical Engineering,4,7,11,Chemical & Process,NIT/IIEST,13,66.62,Rourkela,Odisha
223,"National Institute of Technology, Rourkela",Chemistry,1,2,3,Science & Mathematics,NIT/IIEST,13,66.62,Rourkela,Odisha
223,"National Institute of Technology, Rourkela",Civil Engineering,4,7,11,Civil & Infra,NIT/IIEST,13,66.62,Rourkela,Odisha
223,"National Institute of Technology, Rourkela",Computer Science and Engineering,6,11,17,Computing & IT,NIT/IIEST,13,66.62,Rourkela,Odisha
223,"National Institute of Technology, Rourkela",Electrical Engineering,6,11,17,Electrical & Power,NIT/IIEST,13,66.62,Rourkela,Odisha
223,"National Institute of Technology, Rourkela",Electronics and Communication Engineering,3,5,8,Electronics & Comm,NIT/IIEST,13,66.62,Rourkela,Odisha
223,"National Institute of Technology, Rourkela",Electronics and Instrumentation Engineering,3,5,8,Electronics & Comm,NIT/IIEST,13,66.62,Rourkela,Odisha
223,"National Institute of Technology, Rourkela",Food Process Engineering,2,3,5,Chemical & Process,NIT/IIEST,13,66.62,Rourkela,Odisha
223,"National Institute of Technology, Rourkela",Industrial Design,1,3,4,Mechanical,NIT/IIEST,13,66.62,Rourkela,Odisha
223,"National Institute of Technology, Rourkela",Life Science,1,2,3,Bio & Life Sciences,NIT/IIEST,13,66.62,Rourkela,Odisha
223,"National Institute of Technology, Rourkela",Mathematics,1,3,4,Science & Mathematics,NIT/IIEST,13,66.62,Rourkela,Odisha
223,"National Institute of Technology, Rourkela",Mechanical Engineering,6,11,17,Mechanical,NIT/IIEST,13,66.62,Rourkela,Odisha
223,"National Institute of Technology, Rourkela",Metallurgical and Materials Engineering,4,7,11,Materials & Metallurgy,NIT/IIEST,13,66.62,Rourkela,Odisha
223,"National Institute of Technology, Rourkela",Mining Engineering,3,5,8,Mining,NIT/IIEST,13,66.62,Rourkela,Odisha
223,"National Institute of Technology, Rourkela",Physics,1,3,4,Science & Mathematics,NIT/IIEST,13,66.62,Rourkela,Odisha
224,"National Institute of Technology, Silchar",Civil Engineering,1,1,2,Civil & Infra,NIT/IIEST,50,55.91,Silchar,Assam
224,"National Institute of Technology, Silchar",Computer Science and Engineering,1,2,3,Computing & IT,NIT/IIEST,50,55.91,Silchar,Assam
224,"National Institute of Technology, Silchar",Electrical Engineering,1,2,3,Electrical & Power,NIT/IIEST,50,55.91,Silchar,Assam
224,"National Institute of Technology, Silchar",Electronics and Communication Engineering,1,2,3,Electronics & Comm,NIT/IIEST,50,55.91,Silchar,Assam
224,"National Institute of Technology, Silchar",Electronics and Instrumentation Engineering,0,1,1,Electronics & Comm,NIT/IIEST,50,55.91,Silchar,Assam
224,"National Institute of Technology, Silchar",Mechanical Engineering,1,2,3,Mechanical,NIT/IIEST,50,55.91,Silchar,Assam
225,"National Institute of Technology, Srinagar",Chemical Engineering,1,2,3,Chemical & Process,NIT/IIEST,73,50.23,Srinagar,Jammu & Kashmir
225,"National Institute of Technology, Srinagar",Civil Engineering,3,7,10,Civil & Infra,NIT/IIEST,73,50.23,Srinagar,Jammu & Kashmir
225,"National Institute of Technology, Srinagar",Computer Science and Engineering,2,5,7,Computing & IT,NIT/IIEST,73,50.23,Srinagar,Jammu & Kashmir
225,"National Institute of Technology, Srinagar",Electrical Engineering,2,5,7,Electrical & Power,NIT/IIEST,73,50.23,Srinagar,Jammu & Kashmir
225,"National Institute of Technology, Srinagar",Electronics and Communication Engineering,2,5,7,Electronics & Comm,NIT/IIEST,73,50.23,Srinagar,Jammu & Kashmir
225,"National Institute of Technology, Srinagar",Information Technology,2,5,7,Computing & IT,NIT/IIEST,73,50.23,Srinagar,Jammu & Kashmir
225,"National Institute of Technology, Srinagar",Mechanical Engineering,3,6,9,Mechanical,NIT/IIEST,73,50.23,Srinagar,Jammu & Kashmir
225,"National Institute of Technology, Srinagar",Metallurgical and Materials Engineering,1,2,3,Materials & Metallurgy,NIT/IIEST,73,50.23,Srinagar,Jammu & Kashmir
226,"National Institute of Technology, Tiruchirappalli",Architecture,1,2,3,Architecture & Planning,NIT/IIEST,9,68.14,Tiruchirappalli,Tamil Nadu
226,"National Institute of Technology, Tiruchirappalli",Chemical Engineering,5,10,15,Chemical & Process,NIT/IIEST,9,68.14,Tiruchirappalli,Tamil Nadu
226,"National Institute of Technology, Tiruchirappalli",Civil Engineering,3,7,10,Civil & Infra,NIT/IIEST,9,68.14,Tiruchirappalli,Tamil Nadu
226,"National Institute of Technology, Tiruchirappalli",Computer Science and Engineering,8,16,24,Computing & IT,NIT/IIEST,9,68.14,Tiruchirappalli,Tamil Nadu
226,"National Institute of Technology, Tiruchirappalli",Electrical and Electronics Engineering,8,16,24,Electronics & Comm,NIT/IIEST,9,68.14,Tiruchirappalli,Tamil Nadu
226,"National Institute of Technology, Tiruchirappalli",Electronics and Communication Engineering,8,16,24,Electronics & Comm,NIT/IIEST,9,68.14,Tiruchirappalli,Tamil Nadu
226,"National Institute of Technology, Tiruchirappalli",Instrumentation and Control Engineering,5,10,15,Electronics & Comm,NIT/IIEST,9,68.14,Tiruchirappalli,Tamil Nadu
226,"National Institute of Technology, Tiruchirappalli",Mechanical Engineering,8,16,24,Mechanical,NIT/IIEST,9,68.14,Tiruchirappalli,Tamil Nadu
226,"National Institute of Technology, Tiruchirappalli",Metallurgical and Materials Engineering,1,3,4,Materials & Metallurgy,NIT/IIEST,9,68.14,Tiruchirappalli,Tamil Nadu
226,"National Institute of Technology, Tiruchirappalli",Production Engineering,3,7,10,Mechanical,NIT/IIEST,9,68.14,Tiruchirappalli,Tamil Nadu
227,"National Institute of Technology, Uttarakhand",Civil Engineering,2,3,5,Civil & Infra,NIT/IIEST,999,,Srinagar (Garhwal),Uttarakhand
227,"National Institute of Technology, Uttarakhand",Computer Science and Engineering,1,4,5,Computing & IT,NIT/IIEST,999,,Srinagar (Garhwal),Uttarakhand
227,"National Institute of Technology, Uttarakhand",Electrical and Electronics Engineering,2,4,6,Electronics & Comm,NIT/IIEST,999,,Srinagar (Garhwal),Uttarakhand
227,"National Institute of Technology, Uttarakhand",Electronics and Communication Engineering,2,4,6,Electronics & Comm,NIT/IIEST,999,,Srinagar (Garhwal),Uttarakhand
227,"National Institute of Technology, Uttarakhand",Mechanical Engineering,2,3,5,Mechanical,NIT/IIEST,999,,Srinagar (Garhwal),Uttarakhand
228,"National Institute of Technology, Warangal",Bio Technology,2,3,5,Bio & Life Sciences,NIT/IIEST,28,61.05,Warangal,Telangana
228,"National Institute of Technology, Warangal",Chemical Engineering,3,7,10,Chemical & Process,NIT/IIEST,28,61.05,Warangal,Telangana
228,"National Institute of Technology, Warangal",Chemistry,1,1,2,Science & Mathematics,NIT/IIEST,28,61.05,Warangal,Telangana
228,"National Institute of Technology, Warangal",Civil Engineering,2,6,8,Civil & Infra,NIT/IIEST,28,61.05,Warangal,Telangana
228,"National Institute of Technology, Warangal",Computer Science and Engineering,10,21,31,Computing & IT,NIT/IIEST,28,61.05,Warangal,Telangana
228,"National Institute of Technology, Warangal",Computer Science and Engineering ( Artificial Intelligence & Data Science),4,8,12,Computing & IT,NIT/IIEST,28,61.05,Warangal,Telangana
228,"National Institute of Technology, Warangal",Electrical and Electronics Engineering,4,10,14,Electronics & Comm,NIT/IIEST,28,61.05,Warangal,Telangana
228,"National Institute of Technology, Warangal",Electronics and Communication Engineering,10,20,30,Electronics & Comm,NIT/IIEST,28,61.05,Warangal,Telangana
228,"National Institute of Technology, Warangal",Electronics and Communication Engineering (VLSI Design and Technology),4,7,11,Electronics & Comm,NIT/IIEST,28,61.05,Warangal,Telangana
228,"National Institute of Technology, Warangal",Mathematics,1,1,2,Science & Mathematics,NIT/IIEST,28,61.05,Warangal,Telangana
228,"National Institute of Technology, Warangal",Mathematics and Computing,3,8,11,Computing & IT,NIT/IIEST,28,61.05,Warangal,Telangana
228,"National Institute of Technology, Warangal",Mechanical Engineering,3,7,10,Mechanical,NIT/IIEST,28,61.05,Warangal,Telangana
228,"National Institute of Technology, Warangal",Metallurgical and Materials Engineering,2,3,5,Materials & Metallurgy,NIT/IIEST,28,61.05,Warangal,Telangana
228,"National Institute of Technology, Warangal",Physics,1,1,2,Science & Mathematics,NIT/IIEST,28,61.05,Warangal,Telangana
467,"Netaji Subhas University of Technology, Delhi",Computer Science and Engineering,9,19,28,Computing & IT,Other-GFTI,70,50.43,Delhi,Delhi
467,"Netaji Subhas University of Technology, Delhi",Computer Science and Engineering (Artificial Intelligence),6,12,18,Computing & IT,Other-GFTI,70,50.43,Delhi,Delhi
467,"Netaji Subhas University of Technology, Delhi",Computer Science and Engineering (Data Science),3,6,9,Computing & IT,Other-GFTI,70,50.43,Delhi,Delhi
467,"Netaji Subhas University of Technology, Delhi",Information Technology,6,12,18,Computing & IT,Other-GFTI,70,50.43,Delhi,Delhi
469,"P.U. Swami Sarvanand Giri Regional Centre, Hoshiarpur",Computer Science & Engineering,2,17,19,Computing & IT,Other-GFTI,999,,Hoshiarpur,Punjab
469,"P.U. Swami Sarvanand Giri Regional Centre, Hoshiarpur",Electronics & Communication,2,17,19,Electronics & Comm,Other-GFTI,999,,Hoshiarpur,Punjab
469,"P.U. Swami Sarvanand Giri Regional Centre, Hoshiarpur",Information Technology,2,17,19,Computing & IT,Other-GFTI,999,,Hoshiarpur,Punjab
469,"P.U. Swami Sarvanand Giri Regional Centre, Hoshiarpur",Mechanical Engineering,2,17,19,Mechanical,Other-GFTI,999,,Hoshiarpur,Punjab
468,"Pandit Deendayal Energy University, Gandhinagar",Biotechnology,3,6,9,Bio & Life Sciences,Other-GFTI,98,45.97,Gandhinagar,Gujarat
468,"Pandit Deendayal Energy University, Gandhinagar",Chemical Engineering,6,12,18,Chemical & Process,Other-GFTI,98,45.97,Gandhinagar,Gujarat
468,"Pandit Deendayal Energy University, Gandhinagar",Civil Engineering,6,12,18,Civil & Infra,Other-GFTI,98,45.97,Gandhinagar,Gujarat
468,"Pandit Deendayal Energy University, Gandhinagar",Computer Engineering,12,24,36,Computing & IT,Other-GFTI,98,45.97,Gandhinagar,Gujarat
468,"Pandit Deendayal Energy University, Gandhinagar",Computer Science and Business Systems,3,6,9,Computing & IT,Other-GFTI,98,45.97,Gandhinagar,Gujarat
468,"Pandit Deendayal Energy University, Gandhinagar",Electrical Engineering,6,12,18,Electrical & Power,Other-GFTI,98,45.97,Gandhinagar,Gujarat
468,"Pandit Deendayal Energy University, Gandhinagar",Electronics and Communication Engineering,6,12,18,Electronics & Comm,Other-GFTI,98,45.97,Gandhinagar,Gujarat
468,"Pandit Deendayal Energy University, Gandhinagar",Information and Communication Technology,9,18,27,Electronics & Comm,Other-GFTI,98,45.97,Gandhinagar,Gujarat
468,"Pandit Deendayal Energy University, Gandhinagar",Mechanical Engineering,6,12,18,Mechanical,Other-GFTI,98,45.97,Gandhinagar,Gujarat
468,"Pandit Deendayal Energy University, Gandhinagar",Petroleum Engineering,6,12,18,Chemical & Process,Other-GFTI,98,45.97,Gandhinagar,Gujarat
311,"Pt. Dwarka Prasad Mishra Indian Institute of Information Technology, Design & Manufacture Jabalpur",Computer Science and Engineering,14,24,38,Computing & IT,IIIT,999,,Jabalpur,Madhya Pradesh
311,"Pt. Dwarka Prasad Mishra Indian Institute of Information Technology, Design & Manufacture Jabalpur",Electronics and Communication Engineering,7,12,19,Electronics & Comm,IIIT,999,,Jabalpur,Madhya Pradesh
311,"Pt. Dwarka Prasad Mishra Indian Institute of Information Technology, Design & Manufacture Jabalpur",Mechanical Engineering,3,6,9,Mechanical,IIIT,999,,Jabalpur,Madhya Pradesh
311,"Pt. Dwarka Prasad Mishra Indian Institute of Information Technology, Design & Manufacture Jabalpur",Smart Manufacturing,3,6,9,Mechanical,IIIT,999,,Jabalpur,Madhya Pradesh
426,"Puducherry Technological University, Puducherry",Chemical Engineering,3,6,9,Chemical & Process,Other-GFTI,999,,Puducherry,Pondicherry
426,"Puducherry Technological University, Puducherry",Civil Engineering,3,6,9,Civil & Infra,Other-GFTI,999,,Puducherry,Pondicherry
426,"Puducherry Technological University, Puducherry",Computer Science and Engineering,3,6,9,Computing & IT,Other-GFTI,999,,Puducherry,Pondicherry
426,"Puducherry Technological University, Puducherry",Electrical and Electronics,3,6,9,Electronics & Comm,Other-GFTI,999,,Puducherry,Pondicherry
426,"Puducherry Technological University, Puducherry",Electronics and Communication Engineering,3,6,9,Electronics & Comm,Other-GFTI,999,,Puducherry,Pondicherry
426,"Puducherry Technological University, Puducherry",Electronics and Instrumentation Engineering,3,6,9,Electronics & Comm,Other-GFTI,999,,Puducherry,Pondicherry
426,"Puducherry Technological University, Puducherry",Information Technology,3,6,9,Computing & IT,Other-GFTI,999,,Puducherry,Pondicherry
426,"Puducherry Technological University, Puducherry",Mechanical Engineering,3,6,9,Mechanical,Other-GFTI,999,,Puducherry,Pondicherry
426,"Puducherry Technological University, Puducherry",Mechatronics Engineering,1,3,4,Mechanical,Other-GFTI,999,,Puducherry,Pondicherry
422,"Punjab Engineering College, Chandigarh",Aerospace Engineering,1,3,4,Aerospace,Other-GFTI,999,,Chandigarh,Chandigarh
422,"Punjab Engineering College, Chandigarh",Civil Engineering,6,12,18,Civil & Infra,Other-GFTI,999,,Chandigarh,Chandigarh
422,"Punjab Engineering College, Chandigarh",Computer Science and Engineering,6,12,18,Computing & IT,Other-GFTI,999,,Chandigarh,Chandigarh
422,"Punjab Engineering College, Chandigarh",Computer Science and Engineering (Artificial Intelligence),2,3,5,Computing & IT,Other-GFTI,999,,Chandigarh,Chandigarh
422,"Punjab Engineering College, Chandigarh",Computer Science and Engineering (Data Science),3,6,9,Computing & IT,Other-GFTI,999,,Chandigarh,Chandigarh
422,"Punjab Engineering College, Chandigarh",Electrical Engineering,6,12,18,Electrical & Power,Other-GFTI,999,,Chandigarh,Chandigarh
422,"Punjab Engineering College, Chandigarh",Electronics Engineering (VLSI Design and Technology),1,3,4,Electronics & Comm,Other-GFTI,999,,Chandigarh,Chandigarh
422,"Punjab Engineering College, Chandigarh",Electronics and Communication Engineering,6,12,18,Electronics & Comm,Other-GFTI,999,,Chandigarh,Chandigarh
422,"Punjab Engineering College, Chandigarh",Mathematics and Computing,2,3,5,Computing & IT,Other-GFTI,999,,Chandigarh,Chandigarh
422,"Punjab Engineering College, Chandigarh",Mechanical Engineering,6,12,18,Mechanical,Other-GFTI,999,,Chandigarh,Chandigarh
422,"Punjab Engineering College, Chandigarh",Metallurgical and Materials Engineering,3,6,9,Materials & Metallurgy,Other-GFTI,999,,Chandigarh,Chandigarh
422,"Punjab Engineering College, Chandigarh",Production and Industrial Engineering,2,4,6,Mechanical,Other-GFTI,999,,Chandigarh,Chandigarh
410,Sant Longowal Institute of Engineering and Technology,Artificial Intelligence and Data Science,3,6,9,Computing & IT,Other-GFTI,79,48.42,Longowal,Punjab
410,Sant Longowal Institute of Engineering and Technology,Chemical Engineering,3,6,9,Chemical & Process,Other-GFTI,79,48.42,Longowal,Punjab
410,Sant Longowal Institute of Engineering and Technology,Civil Engineering,3,6,9,Civil & Infra,Other-GFTI,79,48.42,Longowal,Punjab
410,Sant Longowal Institute of Engineering and Technology,Computer Science and Engineering,3,6,9,Computing & IT,Other-GFTI,79,48.42,Longowal,Punjab
410,Sant Longowal Institute of Engineering and Technology,Electrical Engineering,3,6,9,Electrical & Power,Other-GFTI,79,48.42,Longowal,Punjab
410,Sant Longowal Institute of Engineering and Technology,Electronics and Communication Engineering,3,6,9,Electronics & Comm,Other-GFTI,79,48.42,Longowal,Punjab
410,Sant Longowal Institute of Engineering and Technology,Food Technology,3,6,9,Chemical & Process,Other-GFTI,79,48.42,Longowal,Punjab
410,Sant Longowal Institute of Engineering and Technology,Instrumentation and Control Engineering,3,6,9,Electronics & Comm,Other-GFTI,79,48.42,Longowal,Punjab
410,Sant Longowal Institute of Engineering and Technology,Mechanical Engineering,6,12,18,Mechanical,Other-GFTI,79,48.42,Longowal,Punjab
229,"Sardar Vallabhbhai National Institute of Technology, Surat",Artificial Intelligence,16,32,48,Computing & IT,NIT/IIEST,66,50.77,SURAT,Gujarat
229,"Sardar Vallabhbhai National Institute of Technology, Surat",Chemical Engineering,4,8,12,Chemical & Process,NIT/IIEST,66,50.77,SURAT,Gujarat
229,"Sardar Vallabhbhai National Institute of Technology, Surat",Civil Engineering,2,5,7,Civil & Infra,NIT/IIEST,66,50.77,SURAT,Gujarat
229,"Sardar Vallabhbhai National Institute of Technology, Surat",Computer Science and Engineering,13,26,39,Computing & IT,NIT/IIEST,66,50.77,SURAT,Gujarat
229,"Sardar Vallabhbhai National Institute of Technology, Surat",Electrical Engineering,4,8,12,Electrical & Power,NIT/IIEST,66,50.77,SURAT,Gujarat
229,"Sardar Vallabhbhai National Institute of Technology, Surat",Electronics and Communication Engineering,7,14,21,Electronics & Comm,NIT/IIEST,66,50.77,SURAT,Gujarat
229,"Sardar Vallabhbhai National Institute of Technology, Surat",Electronics and VLSI Engineering,3,6,9,Electronics & Comm,NIT/IIEST,66,50.77,SURAT,Gujarat
229,"Sardar Vallabhbhai National Institute of Technology, Surat",Mathematics and Computing,3,6,9,Computing & IT,NIT/IIEST,66,50.77,SURAT,Gujarat
229,"Sardar Vallabhbhai National Institute of Technology, Surat",Mechanical Engineering,9,17,26,Mechanical,NIT/IIEST,66,50.77,SURAT,Gujarat
412,"School of Engineering, Tezpur University, Napaam, Tezpur",Civil Engineering,1,1,2,Civil & Infra,Other-GFTI,999,,Tezpur,Assam
412,"School of Engineering, Tezpur University, Napaam, Tezpur",Computer Science and Engineering,1,1,2,Computing & IT,Other-GFTI,999,,Tezpur,Assam
412,"School of Engineering, Tezpur University, Napaam, Tezpur",Electrical Engineering,1,1,2,Electrical & Power,Other-GFTI,999,,Tezpur,Assam
412,"School of Engineering, Tezpur University, Napaam, Tezpur",Electronics and Communication Engineering,1,1,2,Electronics & Comm,Other-GFTI,999,,Tezpur,Assam
412,"School of Engineering, Tezpur University, Napaam, Tezpur",Food Engineering and Technology,1,1,2,Chemical & Process,Other-GFTI,999,,Tezpur,Assam
412,"School of Engineering, Tezpur University, Napaam, Tezpur",Mechanical Engineering,1,1,2,Mechanical,Other-GFTI,999,,Tezpur,Assam
413,"School of Planning & Architecture, Bhopal",Architecture,5,9,14,Architecture & Planning,Other-GFTI,999,,Bhopal,Madhya Pradesh
413,"School of Planning & Architecture, Bhopal",Planning,2,4,6,Architecture & Planning,Other-GFTI,999,,Bhopal,Madhya Pradesh
414,"School of Planning & Architecture, New Delhi",Architecture,3,5,8,Architecture & Planning,Other-GFTI,999,,New Delhi,Delhi
414,"School of Planning & Architecture, New Delhi",Planning,1,3,4,Architecture & Planning,Other-GFTI,999,,New Delhi,Delhi
415,School of Planning & Architecture: Vijayawada,Architecture,5,9,14,Architecture & Planning,Other-GFTI,999,,Vijayawada,Andhra Pradesh
415,School of Planning & Architecture: Vijayawada,Planning,2,4,6,Architecture & Planning,Other-GFTI,999,,Vijayawada,Andhra Pradesh
451,Shri G. S. Institute of Technology and Science Indore,Biomedical Engineering,3,6,9,Bio & Life Sciences,Other-GFTI,999,,Indore,Madhya Pradesh
451,Shri G. S. Institute of Technology and Science Indore,Civil Engineering,4,9,13,Civil & Infra,Other-GFTI,999,,Indore,Madhya Pradesh
451,Shri G. S. Institute of Technology and Science Indore,Computer Science and Engineering,6,12,18,Computing & IT,Other-GFTI,999,,Indore,Madhya Pradesh
451,Shri G. S. Institute of Technology and Science Indore,Electrical Engineering,5,9,14,Electrical & Power,Other-GFTI,999,,Indore,Madhya Pradesh
451,Shri G. S. Institute of Technology and Science Indore,Electronics and Instrumentation Engineering,5,9,14,Electronics & Comm,Other-GFTI,999,,Indore,Madhya Pradesh
451,Shri G. S. Institute of Technology and Science Indore,Electronics and Telecommunication Engineering,5,9,14,Electronics & Comm,Other-GFTI,999,,Indore,Madhya Pradesh
451,Shri G. S. Institute of Technology and Science Indore,Industrial and Production Engineering,4,9,13,Mechanical,Other-GFTI,999,,Indore,Madhya Pradesh
451,Shri G. S. Institute of Technology and Science Indore,Information Technology,6,12,18,Computing & IT,Other-GFTI,999,,Indore,Madhya Pradesh
451,Shri G. S. Institute of Technology and Science Indore,Mechanical Engineering,5,9,14,Mechanical,Other-GFTI,999,,Indore,Madhya Pradesh
416,"Shri Mata Vaishno Devi University, Katra, Jammu & Kashmir",Architecture,1,1,2,Architecture & Planning,Other-GFTI,999,,Katra,Jammu & Kashmir
416,"Shri Mata Vaishno Devi University, Katra, Jammu & Kashmir",Bachelor of Design,1,2,3,Architecture & Planning,Other-GFTI,999,,Katra,Jammu & Kashmir
416,"Shri Mata Vaishno Devi University, Katra, Jammu & Kashmir",Biotechnology,1,2,3,Bio & Life Sciences,Other-GFTI,999,,Katra,Jammu & Kashmir
416,"Shri Mata Vaishno Devi University, Katra, Jammu & Kashmir",Civil Engineering,1,2,3,Civil & Infra,Other-GFTI,999,,Katra,Jammu & Kashmir
416,"Shri Mata Vaishno Devi University, Katra, Jammu & Kashmir",Computer Science and Engineering,4,10,14,Computing & IT,Other-GFTI,999,,Katra,Jammu & Kashmir
416,"Shri Mata Vaishno Devi University, Katra, Jammu & Kashmir",Electrical Engineering,1,2,3,Electrical & Power,Other-GFTI,999,,Katra,Jammu & Kashmir
416,"Shri Mata Vaishno Devi University, Katra, Jammu & Kashmir",Electronics and Communication Engineering,4,5,9,Electronics & Comm,Other-GFTI,999,,Katra,Jammu & Kashmir
416,"Shri Mata Vaishno Devi University, Katra, Jammu & Kashmir",Mathematics and Computing,2,5,7,Computing & IT,Other-GFTI,999,,Katra,Jammu & Kashmir
416,"Shri Mata Vaishno Devi University, Katra, Jammu & Kashmir",Mechanical Engineering,1,2,3,Mechanical,Other-GFTI,999,,Katra,Jammu & Kashmir
416,"Shri Mata Vaishno Devi University, Katra, Jammu & Kashmir",Robotics and AI,1,2,3,Mechanical,Other-GFTI,999,,Katra,Jammu & Kashmir
470,"University Institute of Engineering of Technology (UIET), Panjab University, Chandigarh",Bio-Technology,3,25,28,Bio & Life Sciences,Other-GFTI,999,,Chandigarh,Chandigarh
470,"University Institute of Engineering of Technology (UIET), Panjab University, Chandigarh",Computer Science & Engineering,4,34,38,Computing & IT,Other-GFTI,999,,Chandigarh,Chandigarh
470,"University Institute of Engineering of Technology (UIET), Panjab University, Chandigarh",Electrical and Electronics,3,25,28,Electronics & Comm,Other-GFTI,999,,Chandigarh,Chandigarh
470,"University Institute of Engineering of Technology (UIET), Panjab University, Chandigarh",Electronics & Communication,5,37,42,Electronics & Comm,Other-GFTI,999,,Chandigarh,Chandigarh
470,"University Institute of Engineering of Technology (UIET), Panjab University, Chandigarh",Information Technology,4,34,38,Computing & IT,Other-GFTI,999,,Chandigarh,Chandigarh
470,"University Institute of Engineering of Technology (UIET), Panjab University, Chandigarh",Mechanical Engineering,3,25,28,Mechanical,Other-GFTI,999,,Chandigarh,Chandigarh
421,University of Hyderabad,Computer Science and Engineering,2,0,2,Computing & IT,Other-GFTI,74,49.36,Hyderabad,Telangana
421,University of Hyderabad,Computer Science and Technology,0,5,5,Computing & IT,Other-GFTI,74,49.36,Hyderabad,Telangana
421,University of Hyderabad,Materials Engineering,3,6,9,Materials & Metallurgy,Other-GFTI,74,49.36,Hyderabad,Telangana
230,"Visvesvaraya National Institute of Technology, Nagpur",Architecture,2,4,6,Architecture & Planning,NIT/IIEST,44,56.58,Nagpur,Maharashtra
230,"Visvesvaraya National Institute of Technology, Nagpur",Chemical Engineering,2,4,6,Chemical & Process,NIT/IIEST,44,56.58,Nagpur,Maharashtra
230,"Visvesvaraya National Institute of Technology, Nagpur",Civil Engineering,2,4,6,Civil & Infra,NIT/IIEST,44,56.58,Nagpur,Maharashtra
230,"Visvesvaraya National Institute of Technology, Nagpur",Computer Science and Engineering,5,10,15,Computing & IT,NIT/IIEST,44,56.58,Nagpur,Maharashtra
230,"Visvesvaraya National Institute of Technology, Nagpur",Electrical and Electronics Engineering,3,6,9,Electronics & Comm,NIT/IIEST,44,56.58,Nagpur,Maharashtra
230,"Visvesvaraya National Institute of Technology, Nagpur",Electronics and Communication Engineering,5,10,15,Electronics & Comm,NIT/IIEST,44,56.58,Nagpur,Maharashtra
230,"Visvesvaraya National Institute of Technology, Nagpur",Mechanical Engineering,4,8,12,Mechanical,NIT/IIEST,44,56.58,Nagpur,Maharashtra
230,"Visvesvaraya National Institute of Technology, Nagpur",Metallurgical and Materials Engineering,2,4,6,Materials & Metallurgy,NIT/IIEST,44,56.58,Nagpur,Maharashtra
230,"Visvesvaraya National Institute of Technology, Nagpur",Mining Engineering,2,2,4,Mining,NIT/IIEST,44,56.58,Nagpur,Maharashtra
