name,district,type
University Departments of Anna University Chennai - CEG Campus Sa…,CHENNAI,University Dept
University Departments of Anna University Chennai - ACT Campus Sa…,CHENNAI,University Dept
School of Architecture and Planning Anna University Chennai 60002…,CHENNAI,University Dept
University Departments of Anna University Chennai - MIT Campus Ch…,CHENGALPET,University Dept
Annamalai University Faculty of Engineering and Technology Annama…,CUDDALORE,Annamalai Univ
University College of Engineering Villupuram Kakuppam Villupuram …,VILUPPURAM,University Constituent
University College of Engineering Tindivanam Melpakkam Tindivanam…,VILUPPURAM,University Constituent
University College of Engineering Arni Arni to Devikapuram Road T…,THIRUVANNAMALAI,University Constituent
University College of Engineering Kancheepuram Ponnerikarai Campu…,KANCHEEPURAM,University Constituent
"Aalim Muhammed Salegh College of Engineering, Nizara Educational …",THIRUVALLUR,Self-Financing T3
"Bhajarang Engineering College, Ayathur Village, Veppampattu (R.S)…",THIRUVALLUR,Self-Financing T3
"Jaya Engineering College, Prakash Nagar, Thiruninravur, Thiruvall…",THIRUVALLUR,Self-Financing T3
"Jaya Institute of Technology, Kanchipadi, Thiruvallur-Thiruthani …",THIRUVALLUR,Self-Financing T3
"Prathyusha Engineering College , Poonamallee-Tiruvallur High Road…",THIRUVALLUR,Self-Financing T2
"R.M.D. Engineering College , R.S.M. Nagar, Gummidipoondi Taluk, K…",THIRUVALLUR,Self-Financing T1
"R.M.K. Engineering College , R.S.M. Nagar, Kavaraipettai, Gummidi…",THIRUVALLUR,Self-Financing T1
"S.A. Engineering College , Poonamallee- Avadi Road, Thiruverkadu …",THIRUVALLUR,Self-Financing T2
"SriRam Engineering College, Perumalpattu, Veppampattu R.S., Tiruv…",THIRUVALLUR,Self-Financing T3
"Sri Venkateswara College of Engineering and Technology, Thirupach…",THIRUVALLUR,Self-Financing T3
Vel Tech Multi Tech Dr Rangarajan Dr Sakunthala Engineering Colle…,THIRUVALLUR,Self-Financing T3
"Velammal Engineering College , Velammal Nagar, Ambattur-Redhills …",THIRUVALLUR,Self-Financing T1
Vel Tech High Tech Dr.Rangarajan Dr.Sakunthala Engineering Colleg…,THIRUVALLUR,Self-Financing T2
"Gojan School of Business and Technology, 80-Feet Road, Edapalayam…",THIRUVALLUR,Self-Financing T3
"SAMS College of Engineering and Technology, 82,Panapakkam, Tirupa…",THIRUVALLUR,Self-Financing T3
"JNN Institute of Engineering , Ushaa Garden, 90, Kannigaipair Vil…",THIRUVALLUR,Self-Financing T3
"St. Peter's College of Engineering and Technology , College Road,…",THIRUVALLUR,Self-Financing T3
"R.M.K. College of Engineering and Technology , R.S.M. Nagar, Pudu…",THIRUVALLUR,Self-Financing T1
"Annai Veilankannis College of Engineering, 33 Gandhi Road, Nedung…",KANCHEEPURAM,Self-Financing T3
"Annai Mira College of Engineering and Technology, Arappakkam Vill…",RANIPET,Self-Financing T3
"Jeppiaar Institute of Technology , Jeppiaar Nagar, Kunnam Village…",KANCHEEPURAM,Self-Financing T3
"St. Joseph's Institute of Technology , Jeppiaar Nagar, Old Mamall…",CHENGALPET,Self-Financing T1
"Sri Jayaram Institute of Engineering and Technology, 51 N,Elavur,…",THIRUVALLUR,Self-Financing T3
"DMI College of Engineering , St.Joseph's Town,Mevalurkuppam B Vil…",KANCHEEPURAM,Self-Financing T3
"MADRAS ENGINEERING COLLEGE, TAMBARAM ROAD, VELLARAI (CHENNAI METR…",KANCHEEPURAM,Self-Financing T3
"Kings Engineering College , Irungattukottai, Opp. Hyundai Car Com…",KANCHEEPURAM,Self-Financing T3
"Pallavan College of Engineering, Thimmasamudram, Kanchipuram -631…",KANCHEEPURAM,Self-Financing T3
"Panimalar Engineering College , Bangalore Trunk Road, NazarathPet…",THIRUVALLUR,Self-Financing T1
"Rajalakshmi Engineering College , Rajalakshmi Nagar, Thandalam, K…",KANCHEEPURAM,Self-Financing T1
"Rajiv Gandhi College of Engineering, Nemili Village, Sriperumbudu…",KANCHEEPURAM,Self-Financing T3
"Saveetha Engineering College , Saveetha Nagar, Thandalam Post, Sr…",KANCHEEPURAM,Self-Financing T1
"Sree Sastha Institute of Engineering and Technology, Chennai-Bang…",THIRUVALLUR,Self-Financing T3
"Sri Muthukumaran Institute of Technology, Chikkarayapuram Near Ma…",KANCHEEPURAM,Self-Financing T3
"Sri Venkateswara College of Engineering , Post Bag No.3, Pennalur…",KANCHEEPURAM,Self-Financing T1
"Jaya College of Engineering and Technology, Poonamallee By Pass R…",THIRUVALLUR,Self-Financing T3
"P.B. College of Engineering, Chennai-Bangalore High Way, Irungkat…",KANCHEEPURAM,Self-Financing T3
"Loyola Institute of Technology, Palanchur, Mevalurkuppam, B villa…",KANCHEEPURAM,Self-Financing T3
P.T.Lee Chengalvaraya Naicker College of Engineering and Technolo…,KANCHEEPURAM,Self-Financing T3
"Alpha College of Engineering, No.34, Udayavar Kovil Street, Thiru…",CHENNAI,Self-Financing T3
"Indira Institute of Engineering and Technology, No.1, V.G.R Nagar…",THIRUVALLUR,Self-Financing T3
"Apollo Engineering College, Mevaloorkuppam Valarpuram Post, Sripe…",KANCHEEPURAM,Self-Financing T3
"ARM College of Engineering and Technology, Sattamangalam,Maraimal…",CHENGALPET,Self-Financing T3
"Adhi College of Engineering and Technology, No. 6, Munu Adhi Naga…",KANCHEEPURAM,Self-Financing T3
"Jei Mathaajee College of Engineering, No.124, Vishakandikuppam Vi…",KANCHEEPURAM,Self-Financing T3
"Velammal Institute of Technology, Chennai - Kolkatta Highway, Pan…",THIRUVALLUR,Self-Financing T2
"GRT Institute of Engineering and Technology , GRT Mahalakshmi Nag…",THIRUVALLUR,Self-Financing T3
"T.J.S. Engineering College, Peruvoyal, Near Kavaraipettai,Gummidi…",THIRUVALLUR,Self-Financing T3
ST. LOURDES ENGINEERING COLLEGE (Formerly Madha Institute of Engi…,KANCHEEPURAM,Self-Financing T3
"Mohamed Sathak A J College of Engineering , #34, Rajiv Gandhi Roa…",CHENGALPET,Self-Financing T3
"Anand Institute of Higher Technology, Kalasalingam Nagar , Old Ma…",CHENGALPET,Self-Financing T3
"Easwari Engineering College , Bharathi Salai, Ramapuram, Chennai-…",THIRUVALLUR,Self-Financing T1
"Jeppiaar Engineering College, Jeppiaar Nagar, Old Mammallapuram R…",CHENGALPET,Self-Financing T3
"Jerusalem College of Engineering , Velachery-Tambaram Main Road,N…",CHENGALPET,Self-Financing T3
"Meenakshi Sundararajan Engineering College , C/O I.I.E.T Society …",CHENNAI,Self-Financing T3
"Misrimal Navajee Munoth Jain Engineering College, Guru Marudhar K…",CHENGALPET,Self-Financing T3
"KCG college of Technology , Rajiv Gandhi Salai, Karapakkam, Chenn…",CHENGALPET,Self-Financing T3
"Sri Sivasubramaniya Nadar College of Engineering , Rajiv Gandhi S…",CHENGALPET,Self-Financing T1
"Agni College of Technology , Thalambur Off.Rajiv Gandhi Salai, Ch…",CHENGALPET,Self-Financing T3
"St. Joseph's College of Engineering , Jeppiaar Nagar, Old Mamalla…",CHENGALPET,Self-Financing T1
"T.J. Institute of Technology, Rajiv Gandhi Salai, Karapakkam, Che…",CHENGALPET,Self-Financing T3
"Thangavelu Engineering College, Rajiv Gandhi Salai, Karapakkam, C…",CHENGALPET,Self-Financing T3
Central Institute of Petrochemicals Engineering and Technology (F…,CHENNAI,Central Govt
"Dhanalakshmi Srinivasan College of Engineering and Technology, EC…",CHENGALPET,Self-Financing T1
"St. Joseph College of Engineering, Trinity Campus, Nemili B Beema…",KANCHEEPURAM,Self-Financing T1
Shikshaa Institute of Advanced Technologies (formerly Vi Institut…,CHENGALPET,Self-Financing T3
"Sri Krishna Institute of Technology, Navaneedam Nagar, Panapakkam…",KANCHEEPURAM,Self-Financing T3
MAHALAKSHMI TECH CAMPUS (FORMERLY MAHALAKSHMI ENGINEERING COLLEGE…,CHENGALPET,Self-Financing T3
Chennai Institute of Technology Puduper Village Nandambakkam Post…,KANCHEEPURAM,Self-Financing T1
"MOHAMED SATHAK A.J. ACADEMY OF ARCHITECTURE, IT HIGHWAY, 34, OLD …",CHENGALPET,Self-Financing T3
"Adhiparasakthi Engineering College, Melmaruvathur, Cheyyur Taluk,…",CHENGALPET,Self-Financing T3
"Annai Teresa College of Engineering, Thirunavalur, Ulundurpet Tal…",KALLAKURICHI,Self-Financing T3
"Dhanalakshmi College of Engineering, Manimangalam Puducheri Road,…",KANCHEEPURAM,Self-Financing T3
"G K M College of Engineering and Technology, G K M Nagar, Alappak…",CHENGALPET,Self-Financing T3
"IFET College of Engineering , IFET Nagar, Gangarampalayam, Valava…",VILUPPURAM,Self-Financing T3
"Karpaga Vinayaga College of Engineering and Technology, G.S.T. Ro…",CHENGALPET,Self-Financing T3
"Madha Engineering College, Madha Nagar,Somangalam Road, Kundrathu…",KANCHEEPURAM,Self-Financing T3
"Mailam Engineering College, Mailam, Tindivanam Taluk, Villupuram …",VILUPPURAM,Self-Financing T3
"Sri Venkateswaraa College of Technology , Sirukulathur, Vadakal V…",KANCHEEPURAM,Self-Financing T3
"Prince Shri Venkateshwaraa Padmavathy Engineering College , Medav…",KANCHEEPURAM,Self-Financing T3
"T.S.M.Jain College of Technology, Melur,Kallakurichi Taluk,Villup…",KALLAKURICHI,Self-Financing T3
"Jaya Sakthi Engineering College, St.Mary's Nagar, Thiruninravur,(…",THIRUVALLUR,Self-Financing T3
"Sri Sai Ram Engineering College , Sai Leo Nagar, Poonthandalam Vi…",CHENGALPET,Self-Financing T1
"Tagore Engineering College, Rathinamangalam, Vandalur, Kanchipura…",CHENGALPET,Self-Financing T3
"V.R.S. College of Engineering and Technology, Arasur & Post, Ulun…",VILUPPURAM,Self-Financing T3
"SRM Valliammai Engineering College , S.R.M. Nagar, Kattankulathur…",CHENGALPET,Self-Financing T1
"Asan Memorial College of Engineering and Technology, Asan Nagar, …",CHENGALPET,Self-Financing T3
"Dhaanish Ahmed College of Engineering, Dhaanish Nagar, Vanchuvanc…",KANCHEEPURAM,Self-Financing T3
"Sri Ramanujar Engineering College, Vandalur, Kolapakkam, Kanchipu…",CHENGALPET,Self-Financing T3
"Sri Krishna Engineering College, Panapakkam Near Padappai Via Tam…",KANCHEEPURAM,Self-Financing T3
"E.S.College of Engineering and Technology, Chennai Trunk Road, Ay…",VILUPPURAM,Self-Financing T3
"Maha Barathi Engineering College, A. Vasudevanur (post), Chinnasa…",KALLAKURICHI,Self-Financing T3
"New Prince Shri Bhavani College of Engineering and Technology , V…",CHENGALPET,Self-Financing T3
"Rajalakshmi Institute of Technology , Bangalore Highway Road, Kut…",KANCHEEPURAM,Self-Financing T3
"Surya Group of Institutions, NH-45, GST Road, Vikiravandi, Villup…",VILUPPURAM,Self-Financing T3
"A.R.Engineering College, Vadakuchipalayam, Kappiyampuliyur post, …",VILUPPURAM,Self-Financing T3
"Rrase College of Engineering, Vanjuvancherry, Padappai, Sriperumb…",KANCHEEPURAM,Self-Financing T3
"Sree Krishna College of Engineering, Anaicut Post, Unnai Village,…",VELLORE,Self-Financing T3
"A.K.T.Memorial College of Engineering and Technology, Neelamangal…",KALLAKURICHI,Self-Financing T3
"Prince Dr. K. Vasudevan College of Engineering and Technology , M…",CHENGALPET,Self-Financing T3
R.M.Engineering College (formerly Chendu College of Engineering a…,CHENGALPET,Self-Financing T3
"Sri Rangapoopathi College of Engineering, Alampoondi Village & Po…",VILUPPURAM,Self-Financing T3
"Saraswathy College of Engineering and Technology, NH-45 Main Road…",VILUPPURAM,Self-Financing T3
"Loyola-ICAM College of Engineering and Technology , Loyola Colleg…",CHENNAI,Self-Financing T2
"PERI Institute of Technology , Mannivakkam,Tambaram, Kancheepuram…",CHENGALPET,Self-Financing T3
"Adhiparasakthi College of Engineering, G.B.Nagar, Kalavai, Arcot …",RANIPET,Self-Financing T3
"Arulmigu Meenakshi Amman College of Engineering, Vadamavandal Vil…",THIRUVANNAMALAI,Self-Financing T3
"Arunai Engineering College , Chittor-Cuddalore Raod, Mathur, Tiru…",THIRUVANNAMALAI,Self-Financing T3
"C.Abdul Hakeem College of Engineering and Technology, Hakeem Naga…",RANIPET,Self-Financing T3
"Ganadipathy Tulsi's Jain Engineering College, Chittoor-Cuddalore …",VELLORE,Self-Financing T3
"Meenakshi College of Engineering, 12,Vembuli Amman Koil Street, W…",CHENNAI,Self-Financing T3
"Priyadarshini Engineering College, Chettiyappanur Village & Post,…",THIRUPATHUR,Self-Financing T3
"RANIPPETTAI ENGINEERING COLLEGE, THENKADAPPANTHANGAL, VELLORE DIS…",VELLORE,Self-Financing T3
"S.K.P. Engineering College, Chinnkangiyanur, Somasipadi Post, Tir…",THIRUVANNAMALAI,Self-Financing T3
"Sri Balaji Chockalingam Engineering College, Irumbedu, Arni Taluk…",THIRUVANNAMALAI,Self-Financing T3
Thanthai Periyar Government Institute of Technology Bagayam Vello…,VELLORE,Government
"Thirumalai Engineering College, Kilambi, Krishnapuram Post, Kanch…",KANCHEEPURAM,Self-Financing T3
"Thiruvalluvar College of Engineering and Technology, Arunachala C…",THIRUVANNAMALAI,Self-Financing T3
"Bharathidasan Engineering College, K.Bandarapalli Post, Nattrampa…",THIRUPATHUR,Self-Financing T3
"Kingston Engineering College, Chittoor Main Road, Chiristianpet V…",VELLORE,Self-Financing T3
"Global Institute of Engineering and Technology, 257/1, Bangalore-…",RANIPET,Self-Financing T3
"Annamalaiar College Of Engineering, Chetpet-Polur Road, Polur Tal…",THIRUVANNAMALAI,Self-Financing T3
"Podhigai College of Engineering and Technology, Salem Main Road, …",THIRUPATHUR,Self-Financing T3
"Sri Krishna College of Engineering, T.R.S. Campus, Sri Krishna Na…",RANIPET,Self-Financing T3
"Oxford College of Engineering, Venmani Village, Karaipoondi Post,…",THIRUVANNAMALAI,Self-Financing T3
"Idhaya Engineering College for Women, Nainarpalayam Road,Chinna S…",KALLAKURICHI,Self-Financing T3
Government College of Technology Thadagam Road Coimbatore Distric…,COIMBATORE,Government
PSG College of Technology Peelamedu Coimbatore District 641004,COIMBATORE,Govt-Aided
Coimbatore Institute of Technology Civil Aerodrome Post Coimbator…,COIMBATORE,Govt-Aided
Anna University Regional Campus - Coimbatore Maruthamalai Main Ro…,COIMBATORE,University Constituent
"Sri Shanmugha College of Engineering and Technology , Pullipalaya…",SALEM,Self-Financing T3
"N.S.N. College of Engineering and Technology, N.S.N, Kalvi Nagar,…",KARUR,Self-Financing T3
"Rathinam Technical Campus , Rathinam Techzone Campus, Pollachi Ro…",COIMBATORE,Self-Financing T3
"Aishwarya College of Engineering and Technology, Errattaikarad, P…",ERODE,Self-Financing T3
"Asian College of Engineering and Technology, 294/2,Asian College …",COIMBATORE,Self-Financing T3
"Ganesh College of Engineering, Attur Main Road, Mettupatti, Salem…",SALEM,Self-Financing T3
"Sri Ranganathar Institute of Engineering and Technology , S.F No:…",COIMBATORE,Self-Financing T3
Indian Institute of Handloom Technology Foulke's Compound Thillai…,SALEM,Central Govt
"Dhirajlal Gandhi College of Technology , Sikkanampatty, Opposite …",SALEM,Self-Financing T3
"Shree Sathyam College of Engineering and Technology, Manjakkal Pa…",SALEM,Self-Financing T3
"A V S College of Technology, Attur Main Road, Near AVS College of…",SALEM,Self-Financing T3
"Dhaanish Ahmed Institute of Technology, Pitchanur Village, Coimba…",COIMBATORE,Self-Financing T3
"Jairupaa College of Engineering, Thottiapalayam, Kathankanni-Po, …",TIRUPPUR,Self-Financing T3
"Pollachi Institute of Engineering and Technology, 107/1, Poosarip…",COIMBATORE,Self-Financing T3
"Arulmurugan College of Engineering, Karvazhi Road, Thennilai, Ara…",KARUR,Self-Financing T3
"V.S.B. College of Engineering Technical Campus , S.F. No.91/2A,91…",COIMBATORE,Self-Financing T3
"Suguna College of Engineering, Nehru Nagar (West), Kalapatti Road…",COIMBATORE,Self-Financing T3
"SASI CREATIVE SCHOOL OF ARCHITECTURE, 293/2B, ROJA RAJA GARDEN, P…",COIMBATORE,Self-Financing T3
"Arjun College of Technology, 310/1B, Chettiyakkapalayam, Kinathuk…",COIMBATORE,Self-Financing T3
Government College of Engineering Chettikkarai Post Dharmapuri Di…,DHARMAPURI,Government
"PSG Institute of Technology and Applied Research , Avinashi Road,…",COIMBATORE,Self-Financing T1
"Adhiyamaan College of Engineering , Aeri Campus, Dr.M.G.R.Nagar, …",KRISHNAGIRI,Self-Financing T3
"Annai Mathammal Sheela Engineering College, Erumapatty Post, Nama…",NAMAKKAL,Self-Financing T3
Government College of Engineering Bargur Krishnagiri District 635…,KRISHNAGIRI,Government
"K S Rangasamy College of Technology , K.S.R Kalvi Nagar, Thokkava…",NAMAKKAL,Self-Financing T3
"M.Kumarasamy College of Engineering , Thalavapalayam Post,Punjai …",KARUR,Self-Financing T3
"Mahendra Engineering College , Mahendhirapuri, Mallasamudram West…",NAMAKKAL,Self-Financing T1
"Muthayammal Engineering College , Kakkaveri, Rasipuram (Tk), Nama…",NAMAKKAL,Self-Financing T3
"Paavai Engineering College , NH-7, Paavai Nagar, Pachal, Namakkal…",NAMAKKAL,Self-Financing T2
"PGP College of Engineering and Technology, Namakkal-Paramathi NH …",NAMAKKAL,Self-Financing T3
"K S R College of Engineering , K S R Kalvi Nagar, Thokkavadi, Tir…",NAMAKKAL,Self-Financing T3
"SSM College of Engineering, NH-47 Salem Main Road, Komarapalayam,…",NAMAKKAL,Self-Financing T3
Government College of Engineering Karuppur Salem District 636011,SALEM,Government
"Sapthagiri College of Engineering, NH-7, Krishnagiri Main Road,Pa…",DHARMAPURI,Self-Financing T3
"Sengunthar Engineering College , Kosavampalayam, Kumaramangalam (…",NAMAKKAL,Self-Financing T3
"Sona College of Technology , Sona Nagar, Thiagarajar Polytechnic …",SALEM,Self-Financing T1
"Vivekanandha College of Engineering for Women , Sathiyanaickenpal…",NAMAKKAL,Self-Financing T2
"Er. Perumal Manimekalai College of Engineering , 17th Km Hosur - …",KRISHNAGIRI,Self-Financing T3
"V S B Engineering College , N.H.67, Covai Road, Karudayampalayam …",KARUR,Self-Financing T3
"Mahendra College of Engineering, 12th KM Attur Main Road, Minnamp…",SALEM,Self-Financing T1
"Gnanamani College of Technology , NH-7, A.K. Samuthiram, Pachal P…",NAMAKKAL,Self-Financing T2
"The Kavery Engineering College , M. Kalipatti, Mecheri (Post), Me…",SALEM,Self-Financing T3
"Selvam College of Technology , Salem Road NH-7, Pappinaickenpatti…",NAMAKKAL,Self-Financing T3
"Paavai College of Engineering, Paavai Nagar, NH-7,Pachal, Namakka…",NAMAKKAL,Self-Financing T3
"Chettinad College of Engineering and Technology, NH-67, Karur to …",KARUR,Self-Financing T3
"Mahendra Institute of Technology , Mahendhirapuri, Mallasamudram …",NAMAKKAL,Self-Financing T2
"Vidyaa Vikas College of Engineering and Technology, Varahoorampat…",NAMAKKAL,Self-Financing T3
"Excel Engineering College , NH-47 Salem Main Road, Sankari West P…",NAMAKKAL,Self-Financing T3
"CMS College of Engineering, CMS Nagar, Eranapuram Post, Namakkal-…",NAMAKKAL,Self-Financing T3
"AVS Engineering College, Military Road, Ammapet, Salem-636003.",SALEM,Self-Financing T3
"Mahendra Engineering College for Women, Komaramanagalam Post,Tiru…",NAMAKKAL,Self-Financing T1
"R P Sarathy Institute of Technology , Poosaripatty(PO), Omalur Ta…",SALEM,Self-Financing T3
"Jayalakshmi Institute of Technology, Thoppur, Dharmapuri District…",DHARMAPURI,Self-Financing T3
"Varuvan Vadivelan Institute of Technology, NH 7, Krishnagiri Main…",DHARMAPURI,Self-Financing T3
"P.S.V.College of Engineering and Technology, Mittapalli, Balinaya…",KRISHNAGIRI,Self-Financing T3
"Bharathiyar Institute of Engineering for Women, 43/3, Deviyakuric…",SALEM,Self-Financing T3
"Tagore Institute of Engineering and Technology, Salem-Chennai Bye…",SALEM,Self-Financing T3
"J.K.K.Nataraja College of Engineering and Technology, Sf No. 147/…",NAMAKKAL,Self-Financing T3
"Annapoorana Engineering College , Sankari Main Road (NH-47), Peri…",SALEM,Self-Financing T3
"Christ The King Engineering College, Cecilia Gardens, Chikkarampa…",COIMBATORE,Self-Financing T3
"Jai Shriram Engineering College , Dharapuram Road, Tirupur-638660…",TIRUPPUR,Self-Financing T3
"AL-Ameen Engineering College , Karundevanpalayam, Nanjai Uthukkul…",ERODE,Self-Financing T3
"Knowledge Institute of Technology , KIOT Campus, Kakapalayam (PO)…",SALEM,Self-Financing T3
"Kangeyam Institute of Technology , (formerly Builders Engineering…",TIRUPPUR,Self-Financing T3
"V S A Group of Institutions, NH-47 Main Road, Uthamasolapuram Pos…",SALEM,Self-Financing T3
"Salem College of Engineering and Technology, NH-68 Salem-Attur Ma…",SALEM,Self-Financing T3
"Sree Sakthi Engineering College , 899/1 & 898/2, Bettathapuram, B…",COIMBATORE,Self-Financing T3
"Shreenivasa Engineering College, B.Pallipatti, Bommidi, Pappiredd…",DHARMAPURI,Self-Financing T3
"Bannari Amman Institute of Technology , Sathy-Bhavani Road, (Stat…",ERODE,Self-Financing T1
"Coimbatore Institute of Engineering and Technology , Vellimalaipa…",COIMBATORE,Self-Financing T3
"CSI College of Engineering, Ketti Valley, The Nilgiris-643215.",THE NILGIRIS,Self-Financing T3
"Dr Mahalingam College of Engineering and Technology , Mackkinaick…",COIMBATORE,Self-Financing T1
"Erode Sengunthar Engineering College , Thudupathi, Perundurai (Tk…",ERODE,Self-Financing T3
"Hindusthan College of Engineering and Technology , Othakkalmandap…",COIMBATORE,Self-Financing T3
Government College of Engineering (Formerly Institute of Road and…,ERODE,Government
"Karpagam College of Engineering , S.F.No.758,759,760 Othakkal Man…",COIMBATORE,Self-Financing T1
"Kongu Engineering College , Perundurai Railway Station Road,Thopp…",ERODE,Self-Financing T1
"Kumaraguru College of Technology , Chinnavedampatti, Coimbatore-6…",COIMBATORE,Self-Financing T1
"M.P.Nachimuthu M.Jaganathan Engineering College, Chennimalai, Ero…",ERODE,Self-Financing T3
"Nandha Engineering College , 28, Chennimalaipalayam Road, Pitchan…",ERODE,Self-Financing T3
"Park College of Engineering and Technology , Avinashi Road (NH-47…",COIMBATORE,Self-Financing T3
"Sasurie College of Engineering, Vijayamangalam, Tirupur District-…",TIRUPPUR,Self-Financing T3
"Sri Krishna College of Engineering and Technology , Sugunapuram, …",COIMBATORE,Self-Financing T1
"Sri Ramakrishna Engineering College , Vattamalaipalayam, NGGO Col…",COIMBATORE,Self-Financing T1
"Tamilnadu College of Engineering, Palanisame Ravi Nagar, Karumath…",COIMBATORE,Self-Financing T3
"Velalar College of Engineering and Technology , Perundurai Road T…",ERODE,Self-Financing T3
"Sri Ramakrishna Institute of Technology , Pachapalayam, Perur Che…",COIMBATORE,Self-Financing T2
"SNS College of Technology , Sathy Main Road, Vazhiyampalayam, Sar…",COIMBATORE,Self-Financing T3
"Sri Shakthi Institute of Engineering and Technology , Sri Shakthi…",COIMBATORE,Self-Financing T3
"Nehru Institute of Engineering and Technology , Nehru Gardens, Th…",COIMBATORE,Self-Financing T3
"RVS College of Engineering and Technology , Kumaran Kottam Campus…",COIMBATORE,Self-Financing T3
"Info Institute of Engineering, S F No.194-200, N.H.209, Sathy Roa…",COIMBATORE,Self-Financing T3
"Angel College of Engineering and Technology, PK Palayam PO,Dharap…",TIRUPPUR,Self-Financing T3
"Karpagam Institute of Technology , S.F. NO. 247,248, L&T Bypass R…",COIMBATORE,Self-Financing T2
"Dr N.G.P. Institute of Technology , Dr. N.G.P. Nagar, Kalapatti R…",COIMBATORE,Self-Financing T3
"Sri Sai Ranganathan Engineering College , Viraliyur Post, Thondam…",COIMBATORE,Self-Financing T3
"Sri Eshwar College of Engineering , Kondampatti Post, Vadasithur …",COIMBATORE,Self-Financing T3
"Hindusthan Institute of Technology , Othakkalmandapam Post, Coimb…",COIMBATORE,Self-Financing T3
"P A College of Engineering and Technology , Palladam Road, Pollac…",COIMBATORE,Self-Financing T3
"Dhanalakshmi Srinivasan College of Engineering (CBE) , NH-47, Pal…",COIMBATORE,Self-Financing T3
"Adithya Institute of Technology , S.F.No. 348/1,349/1, Kurumbapal…",COIMBATORE,Self-Financing T3
"Kathir College of Engineering , WISDOM TREE, Avinashi Road, Neela…",COIMBATORE,Self-Financing T3
"Shree Venkateshwara Hi-Tech Engineering College , Erode-Sathy Mai…",ERODE,Self-Financing T3
"Surya Engineering College, Perundurai Road,Manalmedu, Mettukadai,…",ERODE,Self-Financing T3
"Easa College of Engineering and Technology , NH-47, Palakkad main…",COIMBATORE,Self-Financing T3
"KIT - Kalaignarkarunanidhi Institute of Technology , S.F.No. 282,…",COIMBATORE,Self-Financing T1
"KGISL Institute of Technology , 365, KGISL Campus, Thudiyalur Roa…",COIMBATORE,Self-Financing T3
"Nandha College of Technology, 235, Chennimalaipalayam Road, Pitch…",ERODE,Self-Financing T3
"PPG Institute of Technology, Rathnagiri Road, Saravanampatti, Coi…",COIMBATORE,Self-Financing T3
"Nehru Institute of Technology , Jawahar Gardens, Kaliapuram, Thir…",COIMBATORE,Self-Financing T3
"JKK Munirajah College of Technology , 377/1A, Punjai Thurayampala…",ERODE,Self-Financing T3
"United Institute of Technology , G.Koundampalayam, Periyanaickenp…",COIMBATORE,Self-Financing T3
"Jansons Institute of Technology , SF.NO.443/1,2, 442/1A & 442/1B …",COIMBATORE,Self-Financing T3
"Akshaya College of Engineering and Technology, SF No.112/1CPT,114…",COIMBATORE,Self-Financing T3
"KPR Institute of Engineering and Technology , SF:204/2 & 204/4, K…",COIMBATORE,Self-Financing T3
"SRG Engineering College, SH-95,Mohanur Road, Aniyapuram, Namakkal…",NAMAKKAL,Self-Financing T3
"Park College of Technology, Prema Ravi Nagar, Karumathampatty, Co…",COIMBATORE,Self-Financing T3
"JCT College of Engineering and Technology , Pichanur, Coimbatore …",COIMBATORE,Self-Financing T3
"Studyworld College of Engineering, Alagu Nachiamman Koil Road, Pa…",COIMBATORE,Self-Financing T3
"C M S College of Engineering and Technology, Appachigoundapathy, …",COIMBATORE,Self-Financing T3
"R V S Technical Campus Coimbatore , Kumaran Kottam Campus, Kannam…",COIMBATORE,Self-Financing T3
"HINDUSTHAN COLLEGE OF ENGINEERING, CHENNIMALAI ROAD, INGUR, PERUN…",ERODE,Self-Financing T3
University College of Engineering Tiruchirappalli (Bharathidasan …,TIRUCHIRAPALLI,University Constituent
University College of Engineering Ariyalur Kathankudikadu Village…,ARIYALUR,University Constituent
University College of Engineering Thirukkuvalai Nagappattinam Dis…,NAGAPATTINAM,University Constituent
University College of Engineering Panruti Chennai-Kumbakonam High…,CUDDALORE,University Constituent
University College of Engineering Pattukkottai ECR Road Rajamadam…,THANJAVUR,University Constituent
"Krishnasamy College of Engineering and Technology, Nellikuppam Ma…",CUDDALORE,Self-Financing T3
"C.K. College of Engineering & Technology, Jayaram Nagar, Chellang…",CUDDALORE,Self-Financing T3
"Sri Ramakrishna College of Engineering, Sri Saradha Nagar, NH - 4…",PERAMBALUR,Self-Financing T3
"KSK College of Engineering and Technology, Thanjavur Main Road, A…",THANJAVUR,Self-Financing T3
"Arifa Institute of Technology, Esanoor, Keelaiyur Post, Tirukkuva…",NAGAPATTINAM,Self-Financing T3
Government College of Engineering Gandarvakottai Road Sengipatti …,THANJAVUR,Government
Government College of Engineering Srirangam Sethurappatti Tiruchi…,TIRUCHIRAPALLI,Government
"Nelliandavar Institute of Technology, Nerunjikorai Village, Pudhu…",ARIYALUR,Self-Financing T3
"SRI VIGNESH COLLEGE OF ENGINEERING AND TECHNOLOGY, TRICHY - CHENN…",TRICHIRAPPALLI,Self-Financing T3
"K Ramakrishnan College of Technology , Kariyamanickam Road, Manna…",TIRUCHIRAPALLI,Self-Financing T3
"Sir Issac Newton College of Engineering and Technology, Andhanape…",NAGAPATTINAM,Self-Financing T3
"Star Lion College of Engineering and Technology, Main Road, Manan…",THANJAVUR,Self-Financing T3
"OASYS Institute of Technology, Tiruchirappalli-Thuraiyur Mani Roa…",TIRUCHIRAPALLI,Self-Financing T3
"M.A.M. School of Engineering , Trichy-Chennai Trunk Road, Sirugan…",TIRUCHIRAPALLI,Self-Financing T3
SRM TRP Engineering College Irungalur Manachanallur Taluk Tiruchi…,TIRUCHIRAPALLI,Self-Financing T2
"A.V.C. College of Engineering, Mannampandal, Mayiladuthurai, Naga…",MAYILADUTHURAI,Self-Financing T3
"Anjalai Ammal Mahalingam Engineering College, Kovilvenni, Thiruva…",THIRUVARUR,Self-Financing T3
"Arasu Engineering College, Chennai Main Road, Thiruvisanallur - V…",THANJAVUR,Self-Financing T3
"Dhanalakshmi Srinivasan Engineering College , Thuraiyur Road, Per…",PERAMBALUR,Self-Financing T1
"E.G.S. Pillay Engineering College , Old Nagore Road, Nagore Post,…",NAGAPATTINAM,Self-Financing T3
"J.J. College of Engineering and Technology, Ammapettai, Poolankul…",TIRUCHIRAPALLI,Self-Financing T3
"Jayaram College of Engineering and Technology, Karattampatty, Pag…",TIRUCHIRAPALLI,Self-Financing T3
"MAM College of Engineering, Trichy-Chennai Trunk Road, Siruganur,…",TIRUCHIRAPALLI,Self-Financing T3
"M.I.E.T. Engineering College , Trichy - Pudukkottai Road, Gundur,…",TIRUCHIRAPALLI,Self-Financing T3
"Mookambigai College of Engineering, Srinivasa Nagar, Kalamavur (P…",PUDUKKOTTAI,Self-Financing T3
"Oxford Engineering College, Pirattiyur, Tiruchirappalli-620009.",TIRUCHIRAPALLI,Self-Financing T3
"Pavendar Bharathidasan College of Engineering and Technology, Tha…",TIRUCHIRAPALLI,Self-Financing T3
"Roever Engineering College, Elambalur (Post), Perambalur-621212.",PERAMBALUR,Self-Financing T3
"Saranathan College of Engineering , Venkateswara Nagar, Edamalaip…",TIRUCHIRAPALLI,Self-Financing T3
"Trichy Engineering College, somu Nagr,Konalai, Tiruchirappalli-62…",TIRUCHIRAPALLI,Self-Financing T3
"A.R.J College of Engineering and Technology, Thirumakkottai Main …",THIRUVARUR,Self-Financing T3
Tittagudi Sengunthar Engineering College (Formerly Dr.Navalar Ned…,CUDDALORE,Self-Financing T3
"St. Joseph's College of Engineering and Technology, A.S.Nagar, El…",THANJAVUR,Self-Financing T3
"Kongunadu College of Engineering and Technology , Tholurpatti, Th…",TIRUCHIRAPALLI,Self-Financing T3
"M.A.M. College of Engineering and Technology, Trichy-Chennai Trun…",TIRUCHIRAPALLI,Self-Financing T3
"K. Ramakrishnan College of Engineering , Kariyamanickam Road, Sam…",TIRUCHIRAPALLI,Self-Financing T3
"Indra Ganesan College of Engineering , Madurai Main Road, Manikan…",TIRUCHIRAPALLI,Self-Financing T3
"Parisutham Institute of Technology and Science , NH 67 Ring Road,…",THANJAVUR,Self-Financing T3
"CARE College of Engineering , No.27, Thayanoor village, Kuttapatt…",TIRUCHIRAPALLI,Self-Financing T3
"MRK Institute of Technology, Nattarmangalam Post, Kattumannarkoil…",CUDDALORE,Self-Financing T3
"Shivani Engineering College, Poolangulathupatti (Post), Srirangam…",TIRUCHIRAPALLI,Self-Financing T3
"Imayam College of Engineering, Kannanur Post, Thuraiyur Taluk, Ti…",TIRUCHIRAPALLI,Self-Financing T3
"Mother Terasa College of Engineering and Technology, Mettusalai, …",PUDUKKOTTAI,Self-Financing T3
"Vandayar Engineering College, Pulavarnatham (Post), Mariammankovi…",THANJAVUR,Self-Financing T3
"Annai College of Engineering and Technology, Anakudi Road, Kovila…",THANJAVUR,Self-Financing T3
"Sri Bharathi Engineering College for Women, Aranthangi Road, Kaik…",PUDUKKOTTAI,Self-Financing T3
"Mahath Amma Institute of Engineering and Technology, Ariyur, Math…",PUDUKKOTTAI,Self-Financing T3
"As-Salam College of Engineering and Technology, Thirumangalakudi-…",THANJAVUR,Self-Financing T3
"Meenakshi Ramaswamy Engineering College, M.R.Kalvi Nagar, Thathan…",ARIYALUR,Self-Financing T3
"St.Anne's College of Engineering and Technology, Anguchettypalaya…",CUDDALORE,Self-Financing T3
"Kings College of Engineering , Punalkulam Village, Gandarvakkotta…",PUDUKKOTTAI,Self-Financing T3
"Mount Zion College of Engineering and Technology, Lena vilakku, P…",PUDUKKOTTAI,Self-Financing T3
"Shanmuganathan Engineering College, Arasampatti, Pilivalam Post, …",PUDUKKOTTAI,Self-Financing T3
"Sudharsan Engineering College, Sathiyamangalam, Kulathur Taluk, P…",PUDUKKOTTAI,Self-Financing T3
"MNSK College of Engineering, Dhakshinapuram Village, Vallathirako…",PUDUKKOTTAI,Self-Financing T3
"Chendhuran College of Engineering and Technology, Madurai Main Ro…",PUDUKKOTTAI,Self-Financing T3
Anna University Regional Campus - Tirunelveli Trivandrum Road Pal…,TIRUNELVELI,University Constituent
University College of Engineering Nagercoil Nagercoil Industrial …,KANYAKUMARI,University Constituent
University V.O.C. College of Engineering Thoothukudi Near V.O.C. …,TUTICORIN,University Constituent
"Thamirabharani Engineering College , Ward - 1, Thatchanallur, Cha…",TIRUNELVELI,Self-Financing T3
"Rohini College of Engineering and Technology , Palkumlam, Variyoo…",KANYAKUMARI,Self-Financing T3
"Stella Mary's College of Engineering , Arunthenkanvilai, Azhikal,…",KANYAKUMARI,Self-Financing T3
"Universal College of Engineering and Technology, Anbagam Campus, …",TIRUNELVELI,Self-Financing T3
"Renganayagi Varatharaj College of Engineering, Salvarpatti Villag…",VIRUDHUNAGAR,Self-Financing T3
Arunachala Hitech Engineering College (formerly Lourdes Mount Col…,KANYAKUMARI,Self-Financing T3
"RAMCO Institute of Technology, North Venganallur Village, Krishna…",VIRUDHUNAGAR,Self-Financing T3
"AAA College of Engineering and Technology, Amathur Village, Sivak…",VIRUDHUNAGAR,Self-Financing T3
"Good Shepherd College of Engineering and Technology, Maruthampara…",KANYAKUMARI,Self-Financing T3
"V V College of Engineering, V.V. Nagar, Arasur Village, Idaichivi…",TUTICORIN,Self-Financing T3
"Sethu Institute of Technology , Pulloor, Kariapatti, Virudhunagar…",VIRUDHUNAGAR,Self-Financing T2
"Sun College of Engineering and Technology, Udaya Nagar, Ammandivi…",KANYAKUMARI,Self-Financing T3
"Maria College of Engineering and Technology, Attoor Puliyamoodu J…",KANYAKUMARI,Self-Financing T3
"Mar Ephraem College of Engineering and Technology, Malankara Hill…",KANYAKUMARI,Self-Financing T3
"M.E.T. Engineering College, No.13/142A9/9,Mogals Garden, Chenbaga…",KANYAKUMARI,Self-Financing T3
"Grace College of Engineering , Chandy Nagar, Mullakkadu, Thoothuk…",TUTICORIN,Self-Financing T3
"Immanuel Arasar JJ College of Engineering, Edavilagam, Nattalam, …",KANYAKUMARI,Self-Financing T3
"St. Mother Theresa Engineering College, Vagaikulam, Mudivaithanen…",TUTICORIN,Self-Financing T3
"Holy Cross Engineering College, 7/131, Vagaikulam Srivaikuntam Ex…",TUTICORIN,Self-Financing T3
"Sivaji College of Engineering and Technology, Manivilai Post, Kan…",KANYAKUMARI,Self-Financing T3
"Unnamalai Institute of Technology, Suba Nagar, Ayyaneri Post, Kov…",TUTICORIN,Self-Financing T3
"Satyam College of Engineering and Technology, Satyam Nagar, Kanna…",KANYAKUMARI,Self-Financing T3
"Arunachala College of Engineering for Women, Thanka Gardens, Mana…",KANYAKUMARI,Self-Financing T3
"DMI Engineering College, Kumarapuram Road, Aralvaimozhi, Kanyakum…",KANYAKUMARI,Self-Financing T3
"PSN Institute of Technology and Science, Melathediyoor, Palayamko…",TIRUNELVELI,Self-Financing T3
"C.S.I. Institute of Technology, Thovalai & PO, Kanyakumari Distri…",KANYAKUMARI,Self-Financing T3
"Cape Institute of Technology, Rajakrishnapuram Post, Radhapuram T…",TIRUNELVELI,Self-Financing T3
"Dr Sivanthi Aditanar College of Engineering, Tirunelveli Road, Ti…",TUTICORIN,Self-Financing T3
"Francis Xavier Engineering College , 103 G2, By Pass Road, Vannar…",TIRUNELVELI,Self-Financing T3
"Jayamatha Engineering College, Thirurajapuram Muppandal, Aralvaim…",KANYAKUMARI,Self-Financing T3
"Jayaraj Annapackiam CSI College of Engineering, Margoschis Nagar,…",TUTICORIN,Self-Financing T3
"Kamaraj College of Engineering and Technology , S.P.G.C.Nagar Pos…",VIRUDHUNAGAR,Self-Financing T3
"Mepco Schlenk Engineering College , Sivakasi,Mepco Engineering Co…",VIRUDHUNAGAR,Self-Financing T1
"Nellai College of Engineering , Maruthakulam P.O, Nanguneri Taluk…",TIRUNELVELI,Self-Financing T3
"National Engineering College , K.R. Nagar, Nalattinputhur, Kovilp…",TUTICORIN,Self-Financing T2
PSN College of Engineering and Technology Melathediyoor Tirunelve…,TIRUNELVELI,Self-Financing T3
"P.S.R. Engineering College , Appayanaickenpatty, Sevalpatty, Siva…",VIRUDHUNAGAR,Self-Financing T3
"PET Engineering College, Thiruchendur Road, Vallioor, Tirunelveli…",TIRUNELVELI,Self-Financing T3
"S. Veerasamy Chettiar College of Engineering and Technology, S.V.…",TENKASI,Self-Financing T3
"Sardar Raja College of Engineering, Raja Nagar, Alangulam, Tirune…",TENKASI,Self-Financing T3
"SCAD College of Engineering and Technology, Scad Nagar, Cheranmah…",TIRUNELVELI,Self-Financing T3
"Sree Sowdambika College of Engineering, Chettikurichi, Aruppukott…",VIRUDHUNAGAR,Self-Financing T3
"St. Xavier's Catholic College of Engineering , Chunkankadai, Kany…",KANYAKUMARI,Self-Financing T3
Government College of Engineering Tirunelveli District 627007,TIRUNELVELI,Government
"Dr G.U. Pope College of Engineering, Pope Nagar, Sawyerpuram, Tho…",TUTICORIN,Self-Financing T3
"Infant Jesus College of Engineering, Kamarajar Nagar, Tirunelveli…",TUTICORIN,Self-Financing T3
"Narayanaguru College of Engineering, Chittadavu, Manjalumoodu, Vi…",KANYAKUMARI,Self-Financing T3
"Udaya School of Engineering, Udaya Nagar, Vellamadi Junction,Amma…",KANYAKUMARI,Self-Financing T3
"Einstein College of Engineering, Sir.C.V.Raman Nagar, Seethaparpa…",TIRUNELVELI,Self-Financing T3
"Ponjesly College of Engineering, Near Parvathipuram, Alamparai, V…",KANYAKUMARI,Self-Financing T3
"Vins Christian College of Engineering, Vins Nagar, Chunkankadai, …",KANYAKUMARI,Self-Financing T3
"Lord Jegannath College of Engineering and Technology, PSN Nagar, …",KANYAKUMARI,Self-Financing T3
"MARTHANDAM COLLEGE OF ENGINEERING AND TECHNOLOGY, P.M.VILLAGE ROA…",KANYAKUMARI,Self-Financing T3
"NOORUL ISLAM COLLEGE OF ENGINEERING AND TECHNOLOGY, PUNKARAI, THI…",KANYAKUMARI,Self-Financing T3
"PSN Engineering College, Melathediyoor, Palayamkottai, Tirunelvel…",TIRUNELVELI,Self-Financing T3
"Bethlahem Institute of Engineering, Nadutheri, Karungal, Kanyakum…",KANYAKUMARI,Self-Financing T3
"Loyola Institute of Technology and Science, P.Bo. No.2, Thovalai …",KANYAKUMARI,Self-Financing T3
"J.P. College of Engineering, College Road, Ayikudy, Tenkasi Taluk…",TENKASI,Self-Financing T3
"Sri Vidya College of Engineering and Technology, Sivakasi Main Ro…",VIRUDHUNAGAR,Self-Financing T3
"Mahakavi Bharathiyar College of Engineering and Technology, Kovil…",TENKASI,Self-Financing T3
"Annai Vailankanni College of Engineering, AVK Nagar, Pothaiyadisa…",KANYAKUMARI,Self-Financing T3
Thiagarajar College of Engineering Tirupparankundram Madurai Dist…,MADURAI,Govt-Aided
Government College of Engineering Melachokkanathapuram Bodinayakk…,THENI,Government
Anna University Regional Campus - Madurai Kanyakumari National Hi…,MADURAI,University Constituent
Central Electrochemical Research Institute CECRI) Karaikudi Sivag…,SIVAGANGAI,Central Govt
University College of Engineering Ramanathapuram Pullangudi Raman…,RAMANATHAPURAM,University Constituent
University College of Engineering Dindigul Mangarai Pirivu Reddiy…,DINDIGUL,University Constituent
"Sri Raajaraajan College of Engineering and Technology, No.146/4B1…",SIVAGANGAI,Self-Financing T3
"SSM Institute of Engineering and Technology , Kuttathupatti Villa…",DINDIGUL,Self-Financing T3
"Vaigai College of Engineering, Therkutheru, Melur Taluk, Madurai-…",MADURAI,Self-Financing T3
Karaikudi Institute of Technology & Karaikudi Institute of Manage…,SIVAGANGAI,Self-Financing T3
"Mangayarkarasi College of Engineering, 7-1-139, 1st Street, Manga…",MADURAI,Self-Financing T3
"Jainee College of Engineering and Technology, Dindigul-Theni Main…",DINDIGUL,Self-Financing T3
"G.T.N COLLEGE OF TECHNOLOGY, OLD KARUR ROAD, DINDIGUL - 624005",DINDIGUL,Self-Financing T3
"Jamal Mohamed College of Engineering, NH-45, Trichy Road, Morepat…",DINDIGUL,Self-Financing T3
"Christian College of Engineering and Technology, Near Check Post,…",DINDIGUL,Self-Financing T3
"N.P.R College of Engineering and Technology , Punnappatti Village…",DINDIGUL,Self-Financing T3
"SRM Madurai College for Engineering and Technology, Pottapalayam …",SIVAGANGAI,Self-Financing T3
"Veerammal Engineering College, PVP Nagar, K.Singrakottai, Dindigu…",DINDIGUL,Self-Financing T3
"RVS School of Engineering and Technology, (Formerly R V S Educati…",DINDIGUL,Self-Financing T3
"Nadar Saraswathi College of Engineering and Technology, Vadapudup…",THENI,Self-Financing T3
Alagappa Chettair Government College of Engineering and Technolog…,SIVAGANGAI,Government
"Bharath Niketan Engineering College, Shri Gowri Nagar, Thimmarasa…",THENI,Self-Financing T3
"K.L.N.College of Engineering , Madurai - Nedunkulam Road, Pottapa…",SIVAGANGAI,Self-Financing T3
"Mohamed Sathak Engineering College , Sathak Nagar, East Coast Roa…",RAMANATHAPURAM,Self-Financing T3
"PSNA College of Engineering and Technology , Kothandaraman Nagar,…",DINDIGUL,Self-Financing T3
"P.T.R. College of Engineering and Technology, Thanapandiyan Nagar…",MADURAI,Self-Financing T3
"Pandian Saraswathi Yadav Engineering College, Arasanoor Village, …",SIVAGANGAI,Self-Financing T3
"R.V.S. College of Engineering, RVS Nagar, Karur Road, N.Paraipatt…",DINDIGUL,Self-Financing T3
"Solamalai College of Engineering , S.V Raja Nagar, Veerapanjan, M…",MADURAI,Self-Financing T3
"SACS M.A.V.M.M. Engineering College, 446, Melur - Alagarkoil Road…",MADURAI,Self-Financing T3
"St. Michael College of Engineering and Technology, St. Santhiagap…",SIVAGANGAI,Self-Financing T3
"Syed Ammal Engineering College , Dr. E.M.Abdullah Campus, Lanthai…",RAMANATHAPURAM,Self-Financing T3
"SBM College of Engineering and Technology, SBM Nagar, Thamaraipad…",DINDIGUL,Self-Financing T3
"Fatima Michael College of Engineering and Technology, Senkottai V…",MADURAI,Self-Financing T3
"Ultra College of Engineering and Technology , 69/1, Ultra Nagar, …",MADURAI,Self-Financing T3
"Velammal College of Engineering and Technology , Velammal Nagar, …",MADURAI,Self-Financing T1
"Theni Kammavar Sangam College of Technology, Theni Main road, Kod…",THENI,Self-Financing T3
"Latha Mathavan Engineering College, Latha Mathavan Nagar, Kidarip…",MADURAI,Self-Financing T3
"Kalasalingam Institute of Technology (4991), Anand Nagar, Krishnankoil, Srivilliputhur, Virudhunagar District-626126. [2025: NO ALLOTMENTS — HISTORICAL ESTIMATES]",VIRUDHUNAGAR,Self-Financing T2
